job_title,company_name,location,skill_required,salary
Accountant,Meta,Singapore,Bookkeeping,67842
Support Specialist,BMW,Delhi,Troubleshooting,65340
Tutor,JPMorgan,Paris,Mentoring,34467
Judge,JPMorgan,Berlin,Judicial Review,173079
Waiter,Meta,London,Hospitality,26377
Call Center Agent,BMW,San Francisco,Customer Handling,40804
Compliance Officer,Amazon,London,Regulation,68178
Compliance Officer,Coca Cola,Sydney,Regulation,108253
Tutor,Deloitte,Toronto,Mentoring,26379
Psychologist,McDonald's,Tokyo,Counseling,107999
Accountant,KPMG,Tokyo,Bookkeeping,83685
Cloud Engineer,Infosys,Dubai,AWS,136757
Cloud Engineer,Google,New York,AWS,168439
Doctor,BMW,Chicago,Surgery,299968
Investment Banker,Wipro,Sydney,Valuation,107995
Lawyer,Meta,Singapore,Litigation,151077
Investment Banker,Deloitte,Singapore,Valuation,167377
Compliance Officer,Deloitte,Chicago,Regulation,85713
Investment Banker,Deloitte,Paris,Valuation,162753
Cybersecurity Analyst,Infosys,Los Angeles,Network Security,126826
Legal Advisor,EY,New York,Contract Drafting,110915
Chef,Disney,Berlin,Culinary Arts,78595
Pilot,Amazon,New York,Navigation,146187
Marketing Manager,Google,New York,SEO,87583
Driver,Wipro,Berlin,Driving,34175
Judge,KPMG,Delhi,Judicial Review,205780
Librarian,Accenture,Toronto,Cataloguing,54156
Farmer,Infosys,Sydney,Crop Management,19577
Auditor,Coca Cola,Berlin,Compliance,60835
Pilot,Tesla,Dubai,Navigation,170509
Operations Manager,Wipro,San Francisco,Process Optimization,149424
Legal Advisor,JPMorgan,Berlin,Contract Drafting,109178
Carpenter,KPMG,London,Woodworking,60143
Data Scientist,BMW,Sydney,Machine Learning,70453
Waiter,Infosys,Singapore,Hospitality,25803
Tax Consultant,Wipro,Dubai,Tax Filing,91822
Pilot,Apple,Singapore,Navigation,241058
Radiologist,BMW,London,Imaging,141175
Marketing Manager,Sony,London,SEO,111250
Psychologist,Infosys,Los Angeles,Counseling,103297
Legal Advisor,Amazon,Chicago,Contract Drafting,124647
Carpenter,Coca Cola,Dubai,Woodworking,55531
Project Manager,Tesla,New York,Agile,136771
Project Manager,Microsoft,Paris,Agile,87391
Cashier,Meta,Tokyo,Billing,45684
Radiologist,HSBC,Delhi,Imaging,184767
Researcher,Coca Cola,London,Data Analysis,106465
Waiter,Google,Paris,Hospitality,27094
Project Manager,HSBC,San Francisco,Agile,89157
Teacher,McDonald's,Dubai,Classroom Management,46170
Plumber,Coca Cola,New York,Pipe Fitting,75572
Software Engineer,Accenture,Sydney,Python,121624
Nurse,EY,Tokyo,Patient Care,78728
Pilot,EY,Dubai,Navigation,227499
Chef,JPMorgan,Toronto,Culinary Arts,89068
Pilot,McDonald's,Los Angeles,Navigation,145439
Auditor,Sony,Toronto,Compliance,114345
Teacher,JPMorgan,Singapore,Classroom Management,68700
Carpenter,Pfizer,Dubai,Woodworking,63351
Farmer,Meta,Dubai,Crop Management,18737
Software Engineer,Microsoft,Sydney,Python,134404
Lawyer,Google,New York,Litigation,82423
Financial Analyst,HSBC,Delhi,Excel Modeling,60898
Professor,Tesla,Tokyo,Research,119249
Carpenter,EY,Paris,Woodworking,65517
Animator,Disney,Singapore,3D Animation,56381
Doctor,Amazon,Delhi,Surgery,185057
Nurse,Google,Paris,Patient Care,55481
Sales Manager,Amazon,Delhi,Negotiation,121899
Plumber,Accenture,Toronto,Pipe Fitting,58511
Professor,Amazon,Tokyo,Research,95618
Pilot,HSBC,Chicago,Navigation,206937
Animator,Sony,Paris,3D Animation,65193
Sales Manager,KPMG,Chicago,Negotiation,113998
Mechanic,Amazon,Delhi,Engine Repair,38111
Librarian,Google,Chicago,Cataloguing,39312
Investment Banker,Disney,Berlin,Valuation,139233
Investment Banker,KPMG,Dubai,Valuation,136649
Investment Banker,BMW,Chicago,Valuation,194387
Tutor,Google,Berlin,Mentoring,48706
Cloud Engineer,Meta,Los Angeles,AWS,123207
Librarian,Infosys,Dubai,Cataloguing,30040
Sales Manager,McDonald's,Sydney,Negotiation,83016
HR Manager,Pfizer,Paris,Recruitment,111352
Receptionist,EY,Bangalore,Front Desk,42465
Photographer,Deloitte,Dubai,Photography,31090
Carpenter,Amazon,Dubai,Woodworking,33822
Pharmacist,Deloitte,Berlin,Pharmacology,97781
Teacher,EY,Bangalore,Classroom Management,71469
Project Manager,Accenture,Los Angeles,Agile,138343
Cashier,Accenture,Toronto,Billing,42249
Writer,McDonald's,Paris,Creative Writing,56729
Sales Manager,KPMG,Singapore,Negotiation,121850
Professor,Accenture,Singapore,Research,99083
Compliance Officer,Meta,Paris,Regulation,92014
Teacher,Google,Toronto,Classroom Management,69560
Operations Manager,EY,New York,Process Optimization,143963
Tutor,Tesla,Singapore,Mentoring,43206
Carpenter,Disney,New York,Woodworking,28458
Researcher,Sony,New York,Data Analysis,112450
Welder,Apple,Bangalore,Arc Welding,33667
Receptionist,JPMorgan,London,Front Desk,25226
Photographer,Google,Chicago,Photography,72742
Software Engineer,Coca Cola,Chicago,Python,127197
Pilot,BMW,Dubai,Navigation,221721
Accountant,EY,Dubai,Bookkeeping,98691
Legal Advisor,Coca Cola,Toronto,Contract Drafting,118619
Nurse,Amazon,Sydney,Patient Care,70911
Receptionist,Wipro,Berlin,Front Desk,25839
Support Specialist,EY,Berlin,Troubleshooting,55704
Web Developer,Coca Cola,Tokyo,JavaScript,118513
Operations Manager,Tesla,Delhi,Process Optimization,141317
Researcher,Sony,Delhi,Data Analysis,105142
Librarian,Deloitte,Paris,Cataloguing,30348
Sales Manager,Wipro,Singapore,Negotiation,80791
Paralegal,JPMorgan,Singapore,Legal Research,36722
Judge,HSBC,Tokyo,Judicial Review,156637
Mechanic,Disney,Sydney,Engine Repair,68088
Photographer,McDonald's,London,Photography,63816
Animator,McDonald's,Paris,3D Animation,95828
Construction Worker,Infosys,Delhi,Masonry,26272
Cloud Engineer,Apple,Berlin,AWS,92987
Photographer,Apple,Toronto,Photography,55042
Photographer,EY,Delhi,Photography,59616
Electrician,HSBC,Delhi,Wiring,38946
Data Scientist,Meta,Delhi,Machine Learning,74515
Farmer,KPMG,Dubai,Crop Management,23492
Cybersecurity Analyst,Infosys,Berlin,Network Security,87362
HR Manager,Accenture,Bangalore,Recruitment,117738
HR Manager,Sony,San Francisco,Recruitment,110978
Mechanic,HSBC,Berlin,Engine Repair,36426
Marketing Manager,Wipro,New York,SEO,70954
Marketing Manager,Wipro,New York,SEO,61990
Receptionist,Pfizer,New York,Front Desk,55132
Legal Advisor,Accenture,Los Angeles,Contract Drafting,100025
Waiter,HSBC,Bangalore,Hospitality,26975
Driver,Pfizer,Bangalore,Driving,49726
Cashier,KPMG,Bangalore,Billing,28779
Call Center Agent,Accenture,Tokyo,Customer Handling,37619
Compliance Officer,Apple,Sydney,Regulation,111723
Compliance Officer,Coca Cola,Los Angeles,Regulation,97283
Driver,BMW,Singapore,Driving,55456
Video Editor,Amazon,Delhi,Premiere Pro,44776
Tutor,Apple,Singapore,Mentoring,20862
Tutor,Infosys,Singapore,Mentoring,49932
Tutor,Pfizer,San Francisco,Mentoring,48740
Animator,KPMG,Singapore,3D Animation,68830
Financial Analyst,Coca Cola,Delhi,Excel Modeling,107938
Animator,JPMorgan,Tokyo,3D Animation,65036
Mechanic,Meta,Singapore,Engine Repair,42191
Chef,Microsoft,Tokyo,Culinary Arts,90184
Welder,Microsoft,New York,Arc Welding,48227
Legal Advisor,Coca Cola,New York,Contract Drafting,76708
Driver,Disney,Dubai,Driving,28900
Web Developer,Microsoft,Sydney,JavaScript,76770
Nurse,JPMorgan,Sydney,Patient Care,88102
Welder,Wipro,Dubai,Arc Welding,35334
Judge,McDonald's,New York,Judicial Review,229746
Cloud Engineer,McDonald's,Dubai,AWS,128243
Investment Banker,Sony,Tokyo,Valuation,156683
Project Manager,Meta,Singapore,Agile,120270
Librarian,Amazon,Bangalore,Cataloguing,60297
Call Center Agent,Tesla,Chicago,Customer Handling,32827
Doctor,BMW,Tokyo,Surgery,284205
Radiologist,Meta,Sydney,Imaging,136576
Welder,Microsoft,Los Angeles,Arc Welding,53787
Professor,Disney,Sydney,Research,145230
Carpenter,McDonald's,Paris,Woodworking,54842
Cloud Engineer,EY,Toronto,AWS,167459
Compliance Officer,Pfizer,Los Angeles,Regulation,119049
Lawyer,Microsoft,Toronto,Litigation,129962
Graphic Designer,Accenture,Los Angeles,Photoshop,68787
Construction Worker,Wipro,Chicago,Masonry,41998
Welder,Accenture,Sydney,Arc Welding,44476
Web Developer,Wipro,Toronto,JavaScript,93252
Farmer,EY,Los Angeles,Crop Management,19933
Operations Manager,Disney,Los Angeles,Process Optimization,99371
Video Editor,Google,Dubai,Premiere Pro,52855
Cloud Engineer,Amazon,Chicago,AWS,142119
Judge,Deloitte,Paris,Judicial Review,224137
Sales Manager,Google,Los Angeles,Negotiation,103892
Teacher,McDonald's,Chicago,Classroom Management,61903
Professor,Infosys,Sydney,Research,131254
Construction Worker,EY,Berlin,Masonry,42602
Cybersecurity Analyst,Microsoft,Dubai,Network Security,70543
Lawyer,Apple,London,Litigation,85918
Nurse,Amazon,New York,Patient Care,52853
Operations Manager,HSBC,Chicago,Process Optimization,140885
Driver,EY,Delhi,Driving,20242
Animator,Pfizer,Dubai,3D Animation,58990
Receptionist,Amazon,Chicago,Front Desk,46453
Librarian,Coca Cola,Toronto,Cataloguing,63777
Lawyer,Sony,Berlin,Litigation,183188
Investment Banker,Amazon,Tokyo,Valuation,171454
Librarian,Amazon,Delhi,Cataloguing,67336
Marketing Manager,McDonald's,Singapore,SEO,72208
Compliance Officer,JPMorgan,Tokyo,Regulation,115334
Auditor,Amazon,Berlin,Compliance,72245
Pilot,Coca Cola,Sydney,Navigation,184327
Sales Manager,McDonald's,Tokyo,Negotiation,104623
Web Developer,Microsoft,Los Angeles,JavaScript,119125
Support Specialist,Google,Delhi,Troubleshooting,53819
Judge,Pfizer,Delhi,Judicial Review,176191
Data Scientist,KPMG,Bangalore,Machine Learning,108228
Animator,BMW,Sydney,3D Animation,59227
Librarian,EY,London,Cataloguing,38708
Project Manager,KPMG,Bangalore,Agile,136129
Animator,HSBC,Los Angeles,3D Animation,52047
Radiologist,Deloitte,Singapore,Imaging,175643
Librarian,Deloitte,Singapore,Cataloguing,42239
Writer,Accenture,Dubai,Creative Writing,33420
Welder,Accenture,Bangalore,Arc Welding,62078
Cloud Engineer,EY,New York,AWS,148573
Pharmacist,Tesla,Paris,Pharmacology,105183
Software Engineer,Infosys,Dubai,Python,100813
Radiologist,Accenture,Toronto,Imaging,154907
Marketing Manager,Microsoft,Chicago,SEO,116773
Sales Manager,Amazon,San Francisco,Negotiation,76066
Video Editor,JPMorgan,Bangalore,Premiere Pro,68818
Carpenter,Microsoft,Berlin,Woodworking,56432
Software Engineer,BMW,London,Python,89810
Mechanic,Sony,Paris,Engine Repair,33096
Radiologist,Meta,Sydney,Imaging,168878
Animator,Google,New York,3D Animation,106161
HR Manager,Pfizer,Berlin,Recruitment,102572
Sales Manager,Wipro,Toronto,Negotiation,97993
Radiologist,Deloitte,Toronto,Imaging,192174
Project Manager,Microsoft,Sydney,Agile,85075
Driver,Wipro,Toronto,Driving,28650
Judge,McDonald's,Singapore,Judicial Review,177071
Carpenter,Sony,San Francisco,Woodworking,62671
Project Manager,Deloitte,Los Angeles,Agile,124765
Operations Manager,Tesla,Sydney,Process Optimization,83890
Driver,JPMorgan,Paris,Driving,43321
Plumber,JPMorgan,Sydney,Pipe Fitting,64832
Video Editor,Disney,Los Angeles,Premiere Pro,53274
Nurse,Meta,Toronto,Patient Care,79116
Doctor,JPMorgan,Toronto,Surgery,182251
Carpenter,Microsoft,Sydney,Woodworking,30573
Professor,HSBC,New York,Research,139333
Photographer,Coca Cola,Tokyo,Photography,31482
Tax Consultant,Google,Delhi,Tax Filing,71139
Software Engineer,Meta,Singapore,Python,115421
Data Scientist,BMW,Delhi,Machine Learning,89187
Carpenter,Pfizer,Tokyo,Woodworking,28141
Waiter,HSBC,Toronto,Hospitality,25096
Project Manager,Deloitte,London,Agile,113629
Waiter,JPMorgan,New York,Hospitality,36715
Driver,EY,Dubai,Driving,54723
Paralegal,Coca Cola,Los Angeles,Legal Research,66224
Professor,Infosys,New York,Research,93125
Librarian,Google,Chicago,Cataloguing,44295
Financial Analyst,EY,Sydney,Excel Modeling,82223
Cybersecurity Analyst,Coca Cola,Singapore,Network Security,112703
Teacher,Disney,Sydney,Classroom Management,63796
Accountant,Sony,Los Angeles,Bookkeeping,56233
Waiter,Microsoft,Sydney,Hospitality,37541
Psychologist,KPMG,Paris,Counseling,61490
Lawyer,BMW,Singapore,Litigation,148324
Data Scientist,JPMorgan,Toronto,Machine Learning,125015
Chef,McDonald's,San Francisco,Culinary Arts,44778
Mechanic,Tesla,Chicago,Engine Repair,66161
Mechanic,Coca Cola,Chicago,Engine Repair,53957
Data Scientist,Pfizer,London,Machine Learning,83625
Doctor,HSBC,Chicago,Surgery,173415
Marketing Manager,Pfizer,London,SEO,92805
Pharmacist,KPMG,Delhi,Pharmacology,110941
Data Scientist,Amazon,Tokyo,Machine Learning,118405
Nurse,Infosys,Chicago,Patient Care,89686
Driver,EY,London,Driving,59568
Operations Manager,Coca Cola,Sydney,Process Optimization,108529
Paralegal,BMW,Delhi,Legal Research,33738
Driver,Disney,Dubai,Driving,59886
Receptionist,Wipro,Singapore,Front Desk,55549
Writer,Pfizer,London,Creative Writing,70862
Animator,McDonald's,Singapore,3D Animation,65246
Mechanic,BMW,Bangalore,Engine Repair,61989
Software Engineer,Meta,London,Python,136076
Lawyer,Accenture,Tokyo,Litigation,145338
Cashier,BMW,Toronto,Billing,32536
Construction Worker,Google,London,Masonry,55233
Construction Worker,Accenture,Dubai,Masonry,50927
Video Editor,EY,Sydney,Premiere Pro,44723
Pilot,Accenture,Tokyo,Navigation,187250
Judge,Wipro,Berlin,Judicial Review,179343
Marketing Manager,BMW,Los Angeles,SEO,84173
Pilot,Accenture,Paris,Navigation,195390
Librarian,JPMorgan,New York,Cataloguing,61545
Auditor,Amazon,Singapore,Compliance,61852
Graphic Designer,Sony,Tokyo,Photoshop,87578
Electrician,Google,Paris,Wiring,44830
Compliance Officer,Disney,Singapore,Regulation,99008
Nurse,Microsoft,Los Angeles,Patient Care,66149
Auditor,Sony,Sydney,Compliance,96592
Lawyer,Apple,Chicago,Litigation,75427
Animator,KPMG,Delhi,3D Animation,81704
Legal Advisor,Apple,Sydney,Contract Drafting,89586
Graphic Designer,Microsoft,Dubai,Photoshop,73728
Financial Analyst,Microsoft,Los Angeles,Excel Modeling,52788
Construction Worker,Accenture,Bangalore,Masonry,26011
Librarian,Tesla,Dubai,Cataloguing,41873
Researcher,Tesla,Singapore,Data Analysis,114018
Sales Manager,Google,London,Negotiation,74343
Paralegal,Tesla,New York,Legal Research,57794
Welder,Infosys,New York,Arc Welding,54748
Carpenter,Apple,Los Angeles,Woodworking,52768
Cashier,KPMG,Bangalore,Billing,31228
Data Scientist,Wipro,Delhi,Machine Learning,138538
Photographer,Amazon,New York,Photography,40325
Legal Advisor,McDonald's,Bangalore,Contract Drafting,118815
Chef,Deloitte,Berlin,Culinary Arts,70344
Legal Advisor,KPMG,Singapore,Contract Drafting,123548
Software Engineer,BMW,Dubai,Python,100694
Data Scientist,Sony,Dubai,Machine Learning,115474
Mechanic,Amazon,Dubai,Engine Repair,55700
Construction Worker,EY,Toronto,Masonry,51182
Doctor,Meta,San Francisco,Surgery,275504
Photographer,BMW,Delhi,Photography,54306
Psychologist,KPMG,San Francisco,Counseling,84303
Accountant,BMW,Delhi,Bookkeeping,51980
Construction Worker,Tesla,Bangalore,Masonry,25975
Financial Analyst,Pfizer,Sydney,Excel Modeling,100199
Psychologist,Microsoft,Sydney,Counseling,91011
Electrician,HSBC,Los Angeles,Wiring,70757
Farmer,Deloitte,Delhi,Crop Management,39546
HR Manager,HSBC,Dubai,Recruitment,101915
Cashier,KPMG,Chicago,Billing,34733
Waiter,McDonald's,San Francisco,Hospitality,23101
Web Developer,BMW,San Francisco,JavaScript,73930
Waiter,Microsoft,Berlin,Hospitality,33736
Cybersecurity Analyst,Sony,Paris,Network Security,80209
Researcher,HSBC,Sydney,Data Analysis,89880
Plumber,Coca Cola,Los Angeles,Pipe Fitting,71777
Pharmacist,Meta,San Francisco,Pharmacology,92975
Driver,KPMG,Los Angeles,Driving,29300
Sales Manager,Google,Dubai,Negotiation,133501
Chef,Pfizer,Toronto,Culinary Arts,53296
Nurse,Tesla,London,Patient Care,48586
Financial Analyst,Pfizer,San Francisco,Excel Modeling,62406
Photographer,Apple,Tokyo,Photography,35608
Call Center Agent,Accenture,Toronto,Customer Handling,49993
Writer,Coca Cola,Bangalore,Creative Writing,42601
Paralegal,Microsoft,Chicago,Legal Research,40319
Psychologist,Amazon,Sydney,Counseling,125895
Operations Manager,Google,Paris,Process Optimization,87554
Cashier,HSBC,London,Billing,32378
Compliance Officer,BMW,Paris,Regulation,101571
Chef,EY,Toronto,Culinary Arts,57118
Financial Analyst,Accenture,Delhi,Excel Modeling,80034
Sales Manager,Apple,Chicago,Negotiation,95967
Support Specialist,EY,Dubai,Troubleshooting,50211
Doctor,Infosys,Chicago,Surgery,166735
Chef,Coca Cola,Tokyo,Culinary Arts,56360
Teacher,Google,Singapore,Classroom Management,48153
Librarian,KPMG,Sydney,Cataloguing,67634
Animator,BMW,Singapore,3D Animation,61558
Operations Manager,Deloitte,Singapore,Process Optimization,138217
Researcher,Infosys,Tokyo,Data Analysis,67657
Lawyer,Disney,Delhi,Litigation,142264
Accountant,Meta,New York,Bookkeeping,46169
Data Scientist,Tesla,Dubai,Machine Learning,117857
Researcher,McDonald's,Dubai,Data Analysis,81180
HR Manager,Sony,Los Angeles,Recruitment,97015
Teacher,Disney,Bangalore,Classroom Management,39195
Animator,JPMorgan,Dubai,3D Animation,97964
Graphic Designer,Google,Delhi,Photoshop,86186
Tutor,BMW,Paris,Mentoring,56924
Plumber,BMW,Singapore,Pipe Fitting,42226
Software Engineer,Accenture,Toronto,Python,118889
Electrician,Microsoft,Paris,Wiring,59723
Driver,Amazon,Delhi,Driving,21726
Electrician,Infosys,Bangalore,Wiring,39205
Graphic Designer,Amazon,Delhi,Photoshop,44865
Support Specialist,EY,Sydney,Troubleshooting,58251
Plumber,Meta,Tokyo,Pipe Fitting,79412
Pharmacist,Wipro,London,Pharmacology,75841
Investment Banker,JPMorgan,Tokyo,Valuation,192821
Support Specialist,Coca Cola,Los Angeles,Troubleshooting,37924
Professor,KPMG,Los Angeles,Research,63789
Operations Manager,Wipro,London,Process Optimization,137439
Call Center Agent,JPMorgan,London,Customer Handling,20759
Teacher,Accenture,Delhi,Classroom Management,45045
Plumber,Amazon,Delhi,Pipe Fitting,53361
Data Scientist,BMW,San Francisco,Machine Learning,87490
Cashier,Wipro,Dubai,Billing,38102
Compliance Officer,Sony,Bangalore,Regulation,104782
Mechanic,Deloitte,Dubai,Engine Repair,46508
Pilot,Disney,Toronto,Navigation,128641
Investment Banker,McDonald's,Los Angeles,Valuation,194242
Tutor,KPMG,Berlin,Mentoring,37139
Project Manager,Meta,Dubai,Agile,90518
HR Manager,Amazon,Bangalore,Recruitment,92162
Software Engineer,Pfizer,Sydney,Python,142892
Receptionist,HSBC,Chicago,Front Desk,34811
Chef,Tesla,Dubai,Culinary Arts,56336
Sales Manager,Disney,Toronto,Negotiation,133660
Support Specialist,Pfizer,Berlin,Troubleshooting,55045
Lawyer,Coca Cola,Tokyo,Litigation,180340
Tax Consultant,Coca Cola,New York,Tax Filing,63548
Plumber,Wipro,San Francisco,Pipe Fitting,44617
Cybersecurity Analyst,Microsoft,Chicago,Network Security,70615
Cashier,Google,Dubai,Billing,37405
Auditor,Pfizer,San Francisco,Compliance,66410
Electrician,Deloitte,San Francisco,Wiring,34743
Teacher,Disney,New York,Classroom Management,62825
Operations Manager,Apple,San Francisco,Process Optimization,111970
Cybersecurity Analyst,Accenture,Bangalore,Network Security,90318
Mechanic,Disney,New York,Engine Repair,55247
Legal Advisor,Infosys,New York,Contract Drafting,97037
Carpenter,BMW,Singapore,Woodworking,50602
Plumber,JPMorgan,Berlin,Pipe Fitting,68552
Welder,BMW,Berlin,Arc Welding,42435
Construction Worker,JPMorgan,New York,Masonry,51390
Waiter,Microsoft,Los Angeles,Hospitality,31509
Teacher,Apple,New York,Classroom Management,65820
Professor,Disney,Chicago,Research,79808
Accountant,BMW,Los Angeles,Bookkeeping,53432
Operations Manager,BMW,Los Angeles,Process Optimization,147388
Auditor,KPMG,Paris,Compliance,96787
Judge,Pfizer,Delhi,Judicial Review,192263
Call Center Agent,Accenture,Chicago,Customer Handling,26907
Doctor,EY,Singapore,Surgery,186171
Cybersecurity Analyst,Accenture,London,Network Security,90285
Pilot,Meta,San Francisco,Navigation,177741
Professor,Apple,Berlin,Research,139130
Radiologist,Sony,Delhi,Imaging,229529
Pilot,Amazon,New York,Navigation,239944
Doctor,Deloitte,Tokyo,Surgery,239812
Teacher,HSBC,Paris,Classroom Management,71923
Lawyer,Disney,Delhi,Litigation,151568
Animator,Tesla,Los Angeles,3D Animation,73092
Librarian,BMW,London,Cataloguing,32155
Nurse,Accenture,Toronto,Patient Care,87792
HR Manager,JPMorgan,Bangalore,Recruitment,64075
Cashier,JPMorgan,Los Angeles,Billing,25850
Chef,EY,Tokyo,Culinary Arts,80710
Chef,Microsoft,San Francisco,Culinary Arts,63564
Paralegal,McDonald's,Chicago,Legal Research,32334
Writer,Amazon,Delhi,Creative Writing,67673
Pilot,Pfizer,Toronto,Navigation,182761
Pharmacist,EY,Singapore,Pharmacology,87920
Graphic Designer,Pfizer,Los Angeles,Photoshop,60849
Auditor,KPMG,Toronto,Compliance,110882
Librarian,Wipro,Paris,Cataloguing,66554
Radiologist,Apple,Paris,Imaging,140753
Video Editor,BMW,Chicago,Premiere Pro,95639
Auditor,Deloitte,Toronto,Compliance,101125
Photographer,JPMorgan,Dubai,Photography,86642
Auditor,EY,Tokyo,Compliance,68897
HR Manager,EY,Dubai,Recruitment,112613
Auditor,Pfizer,Delhi,Compliance,86376
Cybersecurity Analyst,Microsoft,Tokyo,Network Security,118571
Teacher,Pfizer,Chicago,Classroom Management,31424
Cashier,Sony,Chicago,Billing,47847
Teacher,Microsoft,Toronto,Classroom Management,78944
Project Manager,Google,Toronto,Agile,127063
Project Manager,Meta,San Francisco,Agile,89031
HR Manager,Amazon,Delhi,Recruitment,89681
Cloud Engineer,EY,San Francisco,AWS,164636
Sales Manager,JPMorgan,Paris,Negotiation,64126
Call Center Agent,Accenture,Sydney,Customer Handling,27399
Radiologist,Disney,Los Angeles,Imaging,233588
Legal Advisor,Wipro,London,Contract Drafting,113262
Cashier,Tesla,New York,Billing,31995
Electrician,EY,Tokyo,Wiring,78204
Carpenter,Accenture,Berlin,Woodworking,48548
Accountant,Tesla,Paris,Bookkeeping,68497
Welder,Coca Cola,Dubai,Arc Welding,62058
Video Editor,Wipro,Los Angeles,Premiere Pro,88406
Auditor,McDonald's,Paris,Compliance,65281
Auditor,HSBC,London,Compliance,106390
Animator,Deloitte,Singapore,3D Animation,62384
Chef,EY,Sydney,Culinary Arts,57675
HR Manager,Sony,Chicago,Recruitment,114208
Electrician,McDonald's,Sydney,Wiring,47886
Compliance Officer,McDonald's,Bangalore,Regulation,76454
Teacher,Meta,Los Angeles,Classroom Management,77977
Accountant,Infosys,Delhi,Bookkeeping,45679
Librarian,BMW,San Francisco,Cataloguing,49411
Farmer,McDonald's,Dubai,Crop Management,18091
Plumber,Microsoft,Sydney,Pipe Fitting,38321
Video Editor,Amazon,Sydney,Premiere Pro,86186
Legal Advisor,EY,Toronto,Contract Drafting,79642
Cybersecurity Analyst,Deloitte,Delhi,Network Security,119796
Researcher,Tesla,Bangalore,Data Analysis,76637
Financial Analyst,Infosys,New York,Excel Modeling,71627
Graphic Designer,Microsoft,Bangalore,Photoshop,69519
Teacher,Meta,Tokyo,Classroom Management,71331
Cloud Engineer,Wipro,London,AWS,124688
Researcher,Deloitte,Dubai,Data Analysis,59518
Photographer,Infosys,Dubai,Photography,53170
Investment Banker,EY,Toronto,Valuation,179974
Electrician,EY,Sydney,Wiring,34882
Professor,Tesla,Los Angeles,Research,88112
Web Developer,McDonald's,New York,JavaScript,55760
Receptionist,Tesla,Paris,Front Desk,52749
Nurse,KPMG,Paris,Patient Care,81201
Pilot,Infosys,Los Angeles,Navigation,221209
Plumber,Amazon,Delhi,Pipe Fitting,63446
Financial Analyst,Google,Bangalore,Excel Modeling,99157
Accountant,Deloitte,San Francisco,Bookkeeping,95956
Mechanic,HSBC,Singapore,Engine Repair,67190
Support Specialist,Meta,Singapore,Troubleshooting,53036
Accountant,Deloitte,Berlin,Bookkeeping,64939
Chef,Accenture,Sydney,Culinary Arts,97260
Driver,Infosys,Singapore,Driving,58886
Cybersecurity Analyst,Sony,Singapore,Network Security,139585
Legal Advisor,Accenture,Tokyo,Contract Drafting,98668
Waiter,Disney,Dubai,Hospitality,25752
Call Center Agent,Apple,New York,Customer Handling,44643
Marketing Manager,Pfizer,New York,SEO,61988
Video Editor,Sony,Berlin,Premiere Pro,47658
Electrician,Meta,New York,Wiring,71258
Mechanic,HSBC,Toronto,Engine Repair,39411
Auditor,Amazon,London,Compliance,105237
Farmer,Apple,Dubai,Crop Management,44540
Software Engineer,HSBC,Delhi,Python,148510
Data Scientist,BMW,Bangalore,Machine Learning,76550
Investment Banker,Amazon,San Francisco,Valuation,144638
Photographer,Microsoft,Toronto,Photography,62835
Librarian,Sony,Tokyo,Cataloguing,65195
Pharmacist,HSBC,Delhi,Pharmacology,74436
Plumber,BMW,Tokyo,Pipe Fitting,62955
Animator,Tesla,Singapore,3D Animation,72813
Electrician,Meta,Chicago,Wiring,45490
Waiter,Apple,Sydney,Hospitality,35650
HR Manager,Deloitte,Bangalore,Recruitment,97998
Researcher,Apple,New York,Data Analysis,110298
HR Manager,Deloitte,Bangalore,Recruitment,84151
Professor,Microsoft,Los Angeles,Research,99610
Financial Analyst,McDonald's,Tokyo,Excel Modeling,101046
Cybersecurity Analyst,Coca Cola,Tokyo,Network Security,133977
Sales Manager,Tesla,Berlin,Negotiation,70400
Financial Analyst,Sony,Paris,Excel Modeling,96778
Waiter,Meta,Dubai,Hospitality,27020
Graphic Designer,Infosys,Tokyo,Photoshop,87371
Marketing Manager,Apple,Dubai,SEO,117773
Professor,Disney,Berlin,Research,119592
Photographer,Microsoft,San Francisco,Photography,64363
Judge,BMW,Bangalore,Judicial Review,248026
Electrician,EY,Sydney,Wiring,69081
Radiologist,Infosys,Paris,Imaging,146768
Operations Manager,Tesla,Tokyo,Process Optimization,70634
Teacher,JPMorgan,New York,Classroom Management,30095
Compliance Officer,Coca Cola,Sydney,Regulation,105446
Animator,Disney,Berlin,3D Animation,84915
Cybersecurity Analyst,Wipro,Berlin,Network Security,110947
Nurse,Amazon,Sydney,Patient Care,47941
Operations Manager,Coca Cola,Los Angeles,Process Optimization,138074
Mechanic,McDonald's,Toronto,Engine Repair,45090
Project Manager,Disney,Chicago,Agile,92562
Tax Consultant,KPMG,London,Tax Filing,77965
Project Manager,KPMG,San Francisco,Agile,89956
Animator,McDonald's,Berlin,3D Animation,94816
Driver,Disney,Paris,Driving,55433
Graphic Designer,Microsoft,Delhi,Photoshop,85675
Marketing Manager,Tesla,San Francisco,SEO,122758
Cashier,Wipro,Berlin,Billing,49480
Librarian,EY,Toronto,Cataloguing,60157
Marketing Manager,BMW,San Francisco,SEO,63422
Operations Manager,Microsoft,Sydney,Process Optimization,147569
Paralegal,McDonald's,Toronto,Legal Research,68953
Sales Manager,McDonald's,Dubai,Negotiation,125828
Plumber,Microsoft,Delhi,Pipe Fitting,74307
Judge,Sony,Tokyo,Judicial Review,152240
Sales Manager,Meta,Sydney,Negotiation,107016
Pilot,Microsoft,Singapore,Navigation,135264
Tutor,Sony,London,Mentoring,53416
Web Developer,Amazon,San Francisco,JavaScript,99309
Carpenter,Wipro,Paris,Woodworking,44722
Teacher,Tesla,Paris,Classroom Management,32056
Farmer,BMW,Singapore,Crop Management,16065
Video Editor,BMW,New York,Premiere Pro,43473
Writer,Tesla,Bangalore,Creative Writing,71781
Operations Manager,Sony,Berlin,Process Optimization,144336
Video Editor,Microsoft,Bangalore,Premiere Pro,51247
Plumber,Amazon,London,Pipe Fitting,75639
Professor,Microsoft,Sydney,Research,119185
Call Center Agent,Infosys,Bangalore,Customer Handling,43862
Sales Manager,Sony,Los Angeles,Negotiation,73636
Software Engineer,Sony,Sydney,Python,117091
Professor,Google,Delhi,Research,130243
Data Scientist,Tesla,Paris,Machine Learning,85235
Judge,Amazon,Paris,Judicial Review,222252
Accountant,Tesla,Dubai,Bookkeeping,79721
Animator,Disney,Chicago,3D Animation,100124
Nurse,Microsoft,Paris,Patient Care,85599
Mechanic,Disney,Berlin,Engine Repair,47550
Researcher,Coca Cola,San Francisco,Data Analysis,107733
Video Editor,Infosys,Dubai,Premiere Pro,45985
Marketing Manager,Microsoft,Paris,SEO,114063
Lawyer,Meta,San Francisco,Litigation,167981
Writer,Coca Cola,Sydney,Creative Writing,76436
Waiter,BMW,Toronto,Hospitality,23372
Web Developer,Pfizer,Dubai,JavaScript,109993
HR Manager,KPMG,Bangalore,Recruitment,115546
Radiologist,Microsoft,Sydney,Imaging,208457
Lawyer,Coca Cola,Bangalore,Litigation,166490
Graphic Designer,BMW,Sydney,Photoshop,73158
Paralegal,Google,London,Legal Research,60060
Doctor,Sony,Delhi,Surgery,139369
Legal Advisor,Wipro,San Francisco,Contract Drafting,81813
Cloud Engineer,Meta,San Francisco,AWS,106959
Project Manager,Meta,Los Angeles,Agile,86999
Chef,Coca Cola,Paris,Culinary Arts,54162
Carpenter,Wipro,Delhi,Woodworking,67945
Waiter,Pfizer,New York,Hospitality,39977
Farmer,KPMG,Toronto,Crop Management,37368
Pharmacist,Amazon,Los Angeles,Pharmacology,73795
Professor,KPMG,New York,Research,97592
Financial Analyst,Tesla,Dubai,Excel Modeling,67324
Pharmacist,Accenture,Sydney,Pharmacology,111100
Photographer,Wipro,London,Photography,36009
Sales Manager,Disney,London,Negotiation,96767
Receptionist,Deloitte,Bangalore,Front Desk,41891
Professor,Tesla,Toronto,Research,93790
Accountant,KPMG,Sydney,Bookkeeping,70316
Carpenter,KPMG,Tokyo,Woodworking,38291
Web Developer,Wipro,Dubai,JavaScript,116509
Operations Manager,Deloitte,Dubai,Process Optimization,93661
Mechanic,McDonald's,Bangalore,Engine Repair,55095
Auditor,Apple,Los Angeles,Compliance,52737
Researcher,Amazon,London,Data Analysis,64530
Data Scientist,Sony,Dubai,Machine Learning,80663
Chef,Sony,Paris,Culinary Arts,99994
Financial Analyst,McDonald's,Paris,Excel Modeling,57641
Mechanic,Tesla,Chicago,Engine Repair,33031
Cybersecurity Analyst,Disney,Delhi,Network Security,99462
Chef,Disney,Tokyo,Culinary Arts,49106
Web Developer,Infosys,London,JavaScript,69204
Electrician,KPMG,Chicago,Wiring,75613
Welder,Coca Cola,Sydney,Arc Welding,49424
Web Developer,Tesla,London,JavaScript,102908
Web Developer,McDonald's,San Francisco,JavaScript,62443
Graphic Designer,Coca Cola,Chicago,Photoshop,89286
Call Center Agent,Meta,London,Customer Handling,46244
Compliance Officer,KPMG,Dubai,Regulation,68388
Legal Advisor,Disney,London,Contract Drafting,77931
Cashier,Infosys,Delhi,Billing,29690
Operations Manager,Amazon,Singapore,Process Optimization,107762
Tutor,Wipro,Chicago,Mentoring,38394
Writer,McDonald's,Tokyo,Creative Writing,51334
Marketing Manager,Microsoft,Singapore,SEO,109706
Librarian,Deloitte,Los Angeles,Cataloguing,30892
Carpenter,Microsoft,Sydney,Woodworking,42544
Investment Banker,Coca Cola,London,Valuation,195988
Researcher,Sony,Chicago,Data Analysis,59530
Investment Banker,EY,New York,Valuation,127035
Professor,Microsoft,Berlin,Research,131352
Tax Consultant,HSBC,Chicago,Tax Filing,45881
Call Center Agent,Pfizer,Bangalore,Customer Handling,24694
Chef,Deloitte,Dubai,Culinary Arts,50849
Nurse,Microsoft,Bangalore,Patient Care,88389
Animator,Wipro,Delhi,3D Animation,107362
Cybersecurity Analyst,Disney,Berlin,Network Security,84999
Electrician,EY,Los Angeles,Wiring,43183
Operations Manager,Meta,Los Angeles,Process Optimization,89076
Marketing Manager,McDonald's,New York,SEO,60121
Investment Banker,HSBC,New York,Valuation,184650
Video Editor,Deloitte,Delhi,Premiere Pro,87552
Receptionist,Coca Cola,London,Front Desk,46046
Cybersecurity Analyst,Accenture,San Francisco,Network Security,84148
Web Developer,JPMorgan,London,JavaScript,89392
Video Editor,HSBC,London,Premiere Pro,41237
Lawyer,Pfizer,Toronto,Litigation,154643
Mechanic,Accenture,Los Angeles,Engine Repair,56577
Compliance Officer,Microsoft,Chicago,Regulation,99851
Electrician,Microsoft,Paris,Wiring,67371
Operations Manager,Disney,Delhi,Process Optimization,96817
Welder,KPMG,Tokyo,Arc Welding,39948
Tutor,Apple,Paris,Mentoring,39269
Librarian,Infosys,Toronto,Cataloguing,68149
Doctor,Disney,Sydney,Surgery,203451
Marketing Manager,Amazon,New York,SEO,89278
Doctor,HSBC,Singapore,Surgery,265272
Judge,Accenture,Tokyo,Judicial Review,201746
Welder,Disney,Delhi,Arc Welding,44191
Plumber,Pfizer,Singapore,Pipe Fitting,52762
Lawyer,Wipro,Paris,Litigation,153022
Web Developer,EY,Sydney,JavaScript,89282
Web Developer,Amazon,San Francisco,JavaScript,117910
Carpenter,Coca Cola,Tokyo,Woodworking,26200
Waiter,Coca Cola,Los Angeles,Hospitality,23415
Support Specialist,KPMG,Singapore,Troubleshooting,43084
Video Editor,Coca Cola,Toronto,Premiere Pro,78125
Project Manager,KPMG,New York,Agile,103282
Financial Analyst,HSBC,London,Excel Modeling,70110
Software Engineer,Tesla,Paris,Python,133294
Cashier,Amazon,Delhi,Billing,49421
Support Specialist,Apple,New York,Troubleshooting,56873
Librarian,KPMG,London,Cataloguing,65328
Carpenter,HSBC,Chicago,Woodworking,51601
Cybersecurity Analyst,Amazon,Paris,Network Security,130947
Professor,Coca Cola,Delhi,Research,95935
Accountant,Disney,Dubai,Bookkeeping,99879
Call Center Agent,Infosys,Bangalore,Customer Handling,45714
Tutor,Amazon,Singapore,Mentoring,56898
Cloud Engineer,Coca Cola,Paris,AWS,97771
Pilot,EY,Toronto,Navigation,179208
Professor,BMW,San Francisco,Research,63400
Cybersecurity Analyst,BMW,Toronto,Network Security,122284
Software Engineer,Tesla,Sydney,Python,126122
Photographer,JPMorgan,Delhi,Photography,87948
Cloud Engineer,Amazon,Los Angeles,AWS,94818
Video Editor,Microsoft,London,Premiere Pro,61824
Judge,Google,Paris,Judicial Review,166138
Librarian,JPMorgan,Delhi,Cataloguing,65766
Teacher,JPMorgan,Paris,Classroom Management,43466
Call Center Agent,Infosys,Tokyo,Customer Handling,47393
Teacher,Deloitte,Bangalore,Classroom Management,34162
Paralegal,Disney,New York,Legal Research,54886
Welder,Infosys,Tokyo,Arc Welding,51956
Writer,Accenture,Delhi,Creative Writing,63332
Librarian,Coca Cola,Sydney,Cataloguing,65781
Nurse,Accenture,New York,Patient Care,72173
Carpenter,EY,Singapore,Woodworking,59760
Electrician,Infosys,Dubai,Wiring,42465
Tutor,Sony,Paris,Mentoring,35257
HR Manager,JPMorgan,Tokyo,Recruitment,112848
Waiter,Google,Toronto,Hospitality,30430
Mechanic,Pfizer,Chicago,Engine Repair,39676
Software Engineer,Deloitte,Tokyo,Python,84731
Project Manager,Accenture,Tokyo,Agile,110923
Receptionist,Disney,London,Front Desk,59800
Receptionist,Disney,Toronto,Front Desk,36746
Paralegal,Amazon,Tokyo,Legal Research,61866
Auditor,Accenture,Toronto,Compliance,83927
Plumber,Sony,Bangalore,Pipe Fitting,46198
Waiter,KPMG,Tokyo,Hospitality,20164
Mechanic,BMW,Dubai,Engine Repair,32362
Financial Analyst,Wipro,Tokyo,Excel Modeling,53967
Paralegal,JPMorgan,Toronto,Legal Research,33528
Data Scientist,HSBC,Toronto,Machine Learning,147517
Data Scientist,Amazon,Paris,Machine Learning,149828
Project Manager,Apple,Bangalore,Agile,100830
Cloud Engineer,Microsoft,Tokyo,AWS,165239
Nurse,Disney,Tokyo,Patient Care,86595
Farmer,JPMorgan,Los Angeles,Crop Management,18332
Pharmacist,Meta,London,Pharmacology,68754
Pilot,Deloitte,New York,Navigation,218938
Nurse,Pfizer,London,Patient Care,67664
Call Center Agent,JPMorgan,Tokyo,Customer Handling,45912
Judge,Infosys,Sydney,Judicial Review,215358
Electrician,Disney,New York,Wiring,76844
Waiter,KPMG,London,Hospitality,26711
Graphic Designer,Google,Chicago,Photoshop,84946
Sales Manager,HSBC,Los Angeles,Negotiation,75562
Driver,Disney,Dubai,Driving,28166
Carpenter,Google,Berlin,Woodworking,29882
Lawyer,Amazon,Chicago,Litigation,158503
HR Manager,EY,Tokyo,Recruitment,111403
Pharmacist,Infosys,Singapore,Pharmacology,55718
Sales Manager,Coca Cola,Singapore,Negotiation,73956
Compliance Officer,Infosys,Los Angeles,Regulation,60605
Judge,Meta,Dubai,Judicial Review,214797
Nurse,HSBC,Los Angeles,Patient Care,45552
Welder,KPMG,London,Arc Welding,58351
Financial Analyst,Amazon,Los Angeles,Excel Modeling,52360
Doctor,Pfizer,San Francisco,Surgery,279906
Project Manager,Accenture,Dubai,Agile,113650
Legal Advisor,Deloitte,Singapore,Contract Drafting,130237
Writer,KPMG,Los Angeles,Creative Writing,73542
Waiter,Wipro,Berlin,Hospitality,28301
Cloud Engineer,Amazon,Singapore,AWS,85517
Driver,Sony,Delhi,Driving,23890
Nurse,Sony,New York,Patient Care,87188
Legal Advisor,KPMG,New York,Contract Drafting,128804
Sales Manager,Google,Delhi,Negotiation,61336
Pilot,Wipro,Sydney,Navigation,243511
Cloud Engineer,Tesla,Singapore,AWS,99716
Professor,Wipro,San Francisco,Research,126096
Electrician,Deloitte,London,Wiring,30230
Financial Analyst,Accenture,London,Excel Modeling,68372
Project Manager,KPMG,San Francisco,Agile,110606
Chef,Meta,Dubai,Culinary Arts,73440
Receptionist,Accenture,Singapore,Front Desk,37630
Radiologist,Meta,San Francisco,Imaging,208504
Doctor,BMW,Paris,Surgery,132199
Auditor,Sony,Paris,Compliance,83543
Waiter,Microsoft,New York,Hospitality,22232
Radiologist,HSBC,New York,Imaging,232846
Marketing Manager,Disney,London,SEO,104067
Researcher,EY,Paris,Data Analysis,98532
Project Manager,Tesla,Bangalore,Agile,86679
Accountant,Deloitte,Berlin,Bookkeeping,95294
Video Editor,KPMG,Bangalore,Premiere Pro,61769
Graphic Designer,Meta,Singapore,Photoshop,85153
Carpenter,Accenture,Chicago,Woodworking,62259
Sales Manager,Apple,Sydney,Negotiation,110360
Pilot,Wipro,San Francisco,Navigation,211259
Graphic Designer,Deloitte,Chicago,Photoshop,53557
Researcher,Infosys,Tokyo,Data Analysis,82502
Psychologist,Sony,Chicago,Counseling,101584
Cybersecurity Analyst,BMW,Tokyo,Network Security,114625
Carpenter,Microsoft,Chicago,Woodworking,39575
Accountant,BMW,Toronto,Bookkeeping,84380
Animator,Amazon,London,3D Animation,107853
Tax Consultant,Sony,London,Tax Filing,74231
Investment Banker,Sony,Tokyo,Valuation,101084
Radiologist,KPMG,Dubai,Imaging,201153
Writer,EY,Dubai,Creative Writing,53132
Auditor,Deloitte,Sydney,Compliance,118196
Welder,JPMorgan,Los Angeles,Arc Welding,32873
Psychologist,Coca Cola,Sydney,Counseling,62702
Animator,Accenture,Dubai,3D Animation,63549
Tutor,Coca Cola,Paris,Mentoring,50476
Financial Analyst,Sony,Berlin,Excel Modeling,76844
Mechanic,Wipro,San Francisco,Engine Repair,47881
Construction Worker,Amazon,London,Masonry,42857
Pharmacist,BMW,San Francisco,Pharmacology,104536
Plumber,Wipro,Paris,Pipe Fitting,48681
Cybersecurity Analyst,Wipro,Bangalore,Network Security,119942
Auditor,Meta,Toronto,Compliance,72428
Paralegal,KPMG,New York,Legal Research,57744
Psychologist,HSBC,Berlin,Counseling,83318
Psychologist,JPMorgan,London,Counseling,86849
Researcher,Infosys,Sydney,Data Analysis,104307
Waiter,McDonald's,San Francisco,Hospitality,34000
Plumber,Wipro,Toronto,Pipe Fitting,52522
Software Engineer,Infosys,London,Python,72692
HR Manager,Meta,San Francisco,Recruitment,111318
Paralegal,Microsoft,San Francisco,Legal Research,47615
Researcher,Pfizer,Los Angeles,Data Analysis,114283
Sales Manager,McDonald's,Tokyo,Negotiation,92553
Chef,EY,Dubai,Culinary Arts,72973
Researcher,Apple,New York,Data Analysis,112207
Waiter,Tesla,Delhi,Hospitality,39536
Nurse,Apple,Paris,Patient Care,88400
Cloud Engineer,Deloitte,Chicago,AWS,118311
Graphic Designer,Tesla,San Francisco,Photoshop,53595
Paralegal,McDonald's,Delhi,Legal Research,32368
Support Specialist,BMW,Bangalore,Troubleshooting,63727
Project Manager,Infosys,New York,Agile,95215
Nurse,JPMorgan,Chicago,Patient Care,66577
Web Developer,Deloitte,Los Angeles,JavaScript,54961
Waiter,Tesla,Paris,Hospitality,22981
Financial Analyst,Accenture,Toronto,Excel Modeling,95624
Compliance Officer,Microsoft,Dubai,Regulation,87125
Call Center Agent,Apple,Tokyo,Customer Handling,43940
Welder,EY,London,Arc Welding,39865
Software Engineer,KPMG,Dubai,Python,102438
Doctor,Sony,Los Angeles,Surgery,124894
Sales Manager,BMW,Los Angeles,Negotiation,110550
Photographer,Meta,New York,Photography,30301
Graphic Designer,EY,Tokyo,Photoshop,80883
Chef,Deloitte,Berlin,Culinary Arts,87755
Waiter,Microsoft,Delhi,Hospitality,28393
Writer,Wipro,London,Creative Writing,58850
Graphic Designer,Meta,London,Photoshop,65342
Cashier,Wipro,Delhi,Billing,29181
Nurse,Sony,San Francisco,Patient Care,89454
Sales Manager,Microsoft,London,Negotiation,98332
Graphic Designer,Meta,Paris,Photoshop,86225
Investment Banker,Microsoft,Chicago,Valuation,182945
Receptionist,JPMorgan,San Francisco,Front Desk,43821
Plumber,KPMG,Singapore,Pipe Fitting,61739
Chef,McDonald's,Sydney,Culinary Arts,54388
Professor,HSBC,Tokyo,Research,71982
Librarian,Disney,Berlin,Cataloguing,67955
Sales Manager,Pfizer,Paris,Negotiation,98033
Nurse,EY,Berlin,Patient Care,40017
Investment Banker,McDonald's,San Francisco,Valuation,162825
Data Scientist,Sony,Los Angeles,Machine Learning,107515
Video Editor,Pfizer,Bangalore,Premiere Pro,75434
Pilot,Accenture,Bangalore,Navigation,164215
Electrician,Deloitte,Singapore,Wiring,67972
Chef,Deloitte,San Francisco,Culinary Arts,42725
Animator,Sony,Paris,3D Animation,84940
Marketing Manager,BMW,Singapore,SEO,104947
Welder,KPMG,Singapore,Arc Welding,68731
Operations Manager,Accenture,Toronto,Process Optimization,143191
Marketing Manager,EY,Bangalore,SEO,120858
Lawyer,Infosys,Singapore,Litigation,194226
Graphic Designer,Accenture,Sydney,Photoshop,88756
Psychologist,Tesla,Delhi,Counseling,84383
Mechanic,Infosys,Berlin,Engine Repair,65789
Carpenter,Microsoft,Dubai,Woodworking,46525
Teacher,Sony,Sydney,Classroom Management,50750
Welder,Sony,Berlin,Arc Welding,43619
Financial Analyst,HSBC,Paris,Excel Modeling,109800
Chef,Deloitte,Paris,Culinary Arts,48427
Driver,BMW,Paris,Driving,52284
Sales Manager,EY,Delhi,Negotiation,110940
Photographer,Infosys,New York,Photography,59696
Call Center Agent,JPMorgan,Bangalore,Customer Handling,40002
Lawyer,Wipro,Singapore,Litigation,167623
HR Manager,Sony,Berlin,Recruitment,104108
Lawyer,Google,Berlin,Litigation,129768
Investment Banker,HSBC,Los Angeles,Valuation,161297
Operations Manager,HSBC,Los Angeles,Process Optimization,120518
Farmer,Coca Cola,Berlin,Crop Management,34201
Doctor,Google,Chicago,Surgery,224927
Marketing Manager,McDonald's,Los Angeles,SEO,74947
Web Developer,Amazon,Delhi,JavaScript,111900
Welder,EY,San Francisco,Arc Welding,26113
Web Developer,Microsoft,Bangalore,JavaScript,86706
Chef,Apple,Sydney,Culinary Arts,42450
Receptionist,Accenture,London,Front Desk,40084
Tax Consultant,Microsoft,Los Angeles,Tax Filing,94899
Radiologist,Disney,Berlin,Imaging,235257
Radiologist,Accenture,Paris,Imaging,234308
Software Engineer,Google,Tokyo,Python,123521
Judge,Tesla,Delhi,Judicial Review,237569
Researcher,HSBC,Bangalore,Data Analysis,66633
Legal Advisor,Apple,Tokyo,Contract Drafting,137884
Receptionist,EY,Sydney,Front Desk,33740
Support Specialist,McDonald's,Berlin,Troubleshooting,52625
Professor,Pfizer,New York,Research,145810
Judge,Microsoft,New York,Judicial Review,205980
Radiologist,Apple,San Francisco,Imaging,218949
Project Manager,Infosys,Toronto,Agile,109198
Mechanic,McDonald's,New York,Engine Repair,56426
Paralegal,EY,Sydney,Legal Research,31627
Operations Manager,Wipro,Los Angeles,Process Optimization,135473
Pilot,BMW,San Francisco,Navigation,211781
Pharmacist,Accenture,London,Pharmacology,119707
Animator,Coca Cola,Sydney,3D Animation,64542
Pilot,Google,Paris,Navigation,156258
Web Developer,Meta,Singapore,JavaScript,66730
Researcher,Amazon,Berlin,Data Analysis,81711
Cashier,BMW,Toronto,Billing,45599
Judge,Accenture,Tokyo,Judicial Review,227014
Radiologist,BMW,Sydney,Imaging,157099
Project Manager,Apple,Paris,Agile,127900
Video Editor,Microsoft,Tokyo,Premiere Pro,65371
Lawyer,BMW,London,Litigation,150930
Pharmacist,Microsoft,Toronto,Pharmacology,89804
Photographer,Meta,Los Angeles,Photography,49169
Researcher,Microsoft,Sydney,Data Analysis,98931
Teacher,BMW,Dubai,Classroom Management,56691
Teacher,KPMG,Delhi,Classroom Management,30282
Accountant,KPMG,Delhi,Bookkeeping,46424
Video Editor,Sony,Chicago,Premiere Pro,43755
Pilot,Google,London,Navigation,196050
Nurse,Microsoft,Dubai,Patient Care,85011
Professor,Disney,Berlin,Research,141806
Photographer,Apple,Tokyo,Photography,54041
Sales Manager,Deloitte,Chicago,Negotiation,109253
Video Editor,Tesla,Singapore,Premiere Pro,70541
Tutor,Amazon,Dubai,Mentoring,38781
Cloud Engineer,Deloitte,Dubai,AWS,152494
HR Manager,BMW,Delhi,Recruitment,74504
Graphic Designer,Wipro,Paris,Photoshop,40333
Nurse,Accenture,New York,Patient Care,45218
Plumber,McDonald's,Paris,Pipe Fitting,31930
Mechanic,McDonald's,Paris,Engine Repair,62027
Waiter,Pfizer,London,Hospitality,39582
Electrician,Google,Sydney,Wiring,77968
Tax Consultant,Microsoft,Delhi,Tax Filing,80415
Marketing Manager,Coca Cola,Toronto,SEO,107108
Data Scientist,Infosys,Los Angeles,Machine Learning,93041
Writer,Tesla,Toronto,Creative Writing,49229
Tax Consultant,Wipro,Bangalore,Tax Filing,63829
Waiter,HSBC,Sydney,Hospitality,39670
Writer,Pfizer,Tokyo,Creative Writing,44675
Support Specialist,Amazon,San Francisco,Troubleshooting,44341
Welder,Apple,New York,Arc Welding,65110
Cybersecurity Analyst,Deloitte,Toronto,Network Security,119167
Investment Banker,KPMG,London,Valuation,105186
Mechanic,KPMG,Sydney,Engine Repair,47935
Judge,Sony,Tokyo,Judicial Review,212007
Waiter,Apple,San Francisco,Hospitality,36028
Driver,Apple,Chicago,Driving,31285
Researcher,Pfizer,Tokyo,Data Analysis,96753
Receptionist,Amazon,London,Front Desk,30818
Cashier,Microsoft,Los Angeles,Billing,49105
Lawyer,Amazon,Singapore,Litigation,72940
Judge,Amazon,Berlin,Judicial Review,151339
Chef,Infosys,San Francisco,Culinary Arts,71847
Data Scientist,Sony,London,Machine Learning,122341
Psychologist,HSBC,San Francisco,Counseling,115866
Legal Advisor,Coca Cola,Los Angeles,Contract Drafting,101155
Farmer,McDonald's,Chicago,Crop Management,32947
Writer,Coca Cola,Los Angeles,Creative Writing,78168
Plumber,Meta,New York,Pipe Fitting,63443
Web Developer,Disney,San Francisco,JavaScript,66022
Psychologist,Apple,London,Counseling,122311
Radiologist,Sony,Bangalore,Imaging,151259
Chef,Accenture,Tokyo,Culinary Arts,92053
Electrician,JPMorgan,London,Wiring,56710
Video Editor,Deloitte,Berlin,Premiere Pro,99385
Tutor,EY,Singapore,Mentoring,44820
Writer,Deloitte,Los Angeles,Creative Writing,71873
Welder,Disney,Paris,Arc Welding,60167
Carpenter,Microsoft,Tokyo,Woodworking,40740
Driver,Microsoft,Paris,Driving,48077
Cybersecurity Analyst,BMW,Dubai,Network Security,106224
Carpenter,Wipro,Singapore,Woodworking,45476
Welder,Wipro,Toronto,Arc Welding,27408
Call Center Agent,Deloitte,Paris,Customer Handling,39232
Waiter,Accenture,Tokyo,Hospitality,22576
Graphic Designer,Tesla,Singapore,Photoshop,44367
Project Manager,Google,Sydney,Agile,119543
Nurse,Coca Cola,Dubai,Patient Care,65389
Radiologist,EY,New York,Imaging,145631
Call Center Agent,Infosys,London,Customer Handling,31382
Video Editor,BMW,Dubai,Premiere Pro,96654
Auditor,Apple,Chicago,Compliance,60082
Accountant,Pfizer,New York,Bookkeeping,55596
Cloud Engineer,Disney,Bangalore,AWS,120369
Call Center Agent,Sony,Sydney,Customer Handling,28206
Chef,Meta,Dubai,Culinary Arts,86424
Welder,Infosys,London,Arc Welding,30565
Cloud Engineer,KPMG,Los Angeles,AWS,97356
Animator,HSBC,Dubai,3D Animation,92433
Doctor,Google,Bangalore,Surgery,152234
Call Center Agent,Google,Delhi,Customer Handling,41461
Psychologist,Google,London,Counseling,63035
Plumber,Disney,Toronto,Pipe Fitting,67723
Welder,KPMG,Los Angeles,Arc Welding,69945
Mechanic,Tesla,Delhi,Engine Repair,40683
Sales Manager,Disney,Singapore,Negotiation,107374
Marketing Manager,Infosys,Tokyo,SEO,67846
Carpenter,Accenture,Singapore,Woodworking,67887
Cloud Engineer,JPMorgan,New York,AWS,134921
Psychologist,Disney,Dubai,Counseling,65534
Tax Consultant,EY,Sydney,Tax Filing,82360
Radiologist,Apple,Paris,Imaging,139031
Professor,Google,Tokyo,Research,124981
Farmer,KPMG,Tokyo,Crop Management,23913
Receptionist,Tesla,New York,Front Desk,30839
Project Manager,Disney,Delhi,Agile,112933
Judge,Accenture,Chicago,Judicial Review,216866
Lawyer,Microsoft,Dubai,Litigation,168216
Psychologist,JPMorgan,Delhi,Counseling,91806
Cybersecurity Analyst,Pfizer,Singapore,Network Security,93717
Data Scientist,Meta,Los Angeles,Machine Learning,125863
Receptionist,EY,Los Angeles,Front Desk,26269
Pharmacist,Wipro,Bangalore,Pharmacology,116022
Graphic Designer,Wipro,Los Angeles,Photoshop,75521
HR Manager,Microsoft,Singapore,Recruitment,92594
Pilot,Deloitte,Delhi,Navigation,244800
Pilot,Pfizer,Sydney,Navigation,246081
Electrician,Sony,Toronto,Wiring,56673
Operations Manager,Disney,Dubai,Process Optimization,103787
Marketing Manager,Accenture,Paris,SEO,77350
Professor,Meta,Bangalore,Research,108909
Operations Manager,Wipro,Sydney,Process Optimization,131419
Researcher,Coca Cola,San Francisco,Data Analysis,66249
Compliance Officer,JPMorgan,Berlin,Regulation,69043
Operations Manager,Pfizer,Paris,Process Optimization,103487
Electrician,Google,London,Wiring,36697
Web Developer,Google,London,JavaScript,97174
Farmer,Google,Singapore,Crop Management,20179
Cloud Engineer,Infosys,Chicago,AWS,131095
Auditor,Accenture,Tokyo,Compliance,93609
Sales Manager,Pfizer,Toronto,Negotiation,62394
Receptionist,Sony,Bangalore,Front Desk,31420
Lawyer,KPMG,Sydney,Litigation,138057
Librarian,Wipro,Sydney,Cataloguing,32951
Cloud Engineer,Infosys,Chicago,AWS,152812
Plumber,McDonald's,Tokyo,Pipe Fitting,30402
Video Editor,KPMG,Berlin,Premiere Pro,58175
Plumber,Infosys,Chicago,Pipe Fitting,45019
Cybersecurity Analyst,Pfizer,Paris,Network Security,84156
Lawyer,BMW,Singapore,Litigation,163819
Animator,Disney,San Francisco,3D Animation,102889
Animator,Accenture,San Francisco,3D Animation,80077
Cloud Engineer,KPMG,Delhi,AWS,161647
Cloud Engineer,Infosys,London,AWS,106587
Marketing Manager,HSBC,Toronto,SEO,127253
Electrician,Sony,Los Angeles,Wiring,69756
Nurse,Sony,Chicago,Patient Care,59441
Radiologist,Disney,Delhi,Imaging,230954
Professor,HSBC,Bangalore,Research,124843
Financial Analyst,Disney,Singapore,Excel Modeling,59558
Professor,Infosys,London,Research,79259
Legal Advisor,HSBC,Tokyo,Contract Drafting,85539
Auditor,Accenture,Paris,Compliance,84459
Plumber,EY,Toronto,Pipe Fitting,69501
Judge,Coca Cola,Tokyo,Judicial Review,181244
Nurse,Disney,Singapore,Patient Care,49923
Tutor,KPMG,New York,Mentoring,33628
Cybersecurity Analyst,BMW,New York,Network Security,137342
Cybersecurity Analyst,JPMorgan,Bangalore,Network Security,78197
Marketing Manager,Deloitte,Tokyo,SEO,67100
Doctor,Accenture,Singapore,Surgery,207951
Driver,EY,San Francisco,Driving,31609
Radiologist,Microsoft,Dubai,Imaging,139452
Plumber,Google,Bangalore,Pipe Fitting,66979
HR Manager,Meta,Singapore,Recruitment,74391
Driver,Infosys,Sydney,Driving,34307
Legal Advisor,Google,Bangalore,Contract Drafting,123488
Tutor,Apple,Delhi,Mentoring,31686
Plumber,Microsoft,New York,Pipe Fitting,44387
Compliance Officer,HSBC,Delhi,Regulation,96033
Tutor,Pfizer,Toronto,Mentoring,26042
Writer,KPMG,Berlin,Creative Writing,53085
Writer,Deloitte,Paris,Creative Writing,68009
Software Engineer,Meta,Paris,Python,62813
Sales Manager,Wipro,New York,Negotiation,66209
Doctor,Google,Toronto,Surgery,146096
Farmer,Google,Dubai,Crop Management,24783
Auditor,Infosys,Bangalore,Compliance,55612
Call Center Agent,McDonald's,London,Customer Handling,37958
Legal Advisor,Tesla,Delhi,Contract Drafting,133558
Call Center Agent,Wipro,Sydney,Customer Handling,47365
Electrician,Infosys,Dubai,Wiring,46287
Tutor,Meta,Singapore,Mentoring,36216
Judge,McDonald's,Delhi,Judicial Review,248093
Writer,Accenture,London,Creative Writing,78304
Farmer,Tesla,London,Crop Management,24406
Radiologist,Amazon,Paris,Imaging,227373
Accountant,KPMG,Singapore,Bookkeeping,51747
Mechanic,Deloitte,Toronto,Engine Repair,44611
Doctor,Apple,Tokyo,Surgery,234985
Compliance Officer,Tesla,Chicago,Regulation,84649
Software Engineer,HSBC,Bangalore,Python,61748
Driver,BMW,Chicago,Driving,22628
Receptionist,Accenture,New York,Front Desk,46314
Data Scientist,Apple,Toronto,Machine Learning,151853
Carpenter,Sony,Dubai,Woodworking,55466
Accountant,Meta,Bangalore,Bookkeeping,63714
Video Editor,Google,Berlin,Premiere Pro,79623
Project Manager,Microsoft,London,Agile,107762
Receptionist,BMW,Paris,Front Desk,56707
Electrician,Amazon,London,Wiring,33418
Welder,Pfizer,Singapore,Arc Welding,66879
Writer,HSBC,Bangalore,Creative Writing,41748
Legal Advisor,KPMG,Bangalore,Contract Drafting,74875
Radiologist,Deloitte,San Francisco,Imaging,174327
Software Engineer,McDonald's,Dubai,Python,61132
Cloud Engineer,Google,Delhi,AWS,131055
Writer,BMW,Dubai,Creative Writing,50793
Welder,KPMG,Delhi,Arc Welding,51251
Video Editor,JPMorgan,Bangalore,Premiere Pro,64964
Cybersecurity Analyst,Tesla,Los Angeles,Network Security,116416
Cloud Engineer,HSBC,New York,AWS,95585
Accountant,Microsoft,Chicago,Bookkeeping,81512
Compliance Officer,Wipro,London,Regulation,72361
Cybersecurity Analyst,Sony,Chicago,Network Security,134064
Software Engineer,Tesla,Berlin,Python,128369
Project Manager,HSBC,London,Agile,125756
Radiologist,Google,Bangalore,Imaging,248702
Mechanic,Tesla,Dubai,Engine Repair,58980
Project Manager,Deloitte,Delhi,Agile,85220
Graphic Designer,JPMorgan,Bangalore,Photoshop,40675
Project Manager,KPMG,Los Angeles,Agile,126588
Construction Worker,EY,Paris,Masonry,21597
Doctor,Coca Cola,Los Angeles,Surgery,286259
Financial Analyst,Pfizer,Dubai,Excel Modeling,58854
Call Center Agent,Wipro,Sydney,Customer Handling,34224
Cybersecurity Analyst,Meta,Dubai,Network Security,93536
Animator,Apple,London,3D Animation,72747
Driver,Amazon,Tokyo,Driving,33556
Web Developer,HSBC,London,JavaScript,70874
Marketing Manager,EY,Bangalore,SEO,85861
Writer,BMW,Sydney,Creative Writing,49068
Compliance Officer,Pfizer,Bangalore,Regulation,67874
Financial Analyst,Microsoft,Toronto,Excel Modeling,57394
Pharmacist,Disney,Delhi,Pharmacology,64561
Librarian,Pfizer,Chicago,Cataloguing,40606
Cashier,EY,Bangalore,Billing,32585
Professor,Amazon,New York,Research,143380
Animator,Wipro,London,3D Animation,74166
Cybersecurity Analyst,Apple,Berlin,Network Security,118778
Cloud Engineer,Sony,Bangalore,AWS,160220
Electrician,Wipro,Sydney,Wiring,44193
Receptionist,Amazon,Delhi,Front Desk,26991
Legal Advisor,Sony,Los Angeles,Contract Drafting,61582
Sales Manager,Tesla,Toronto,Negotiation,121786
Nurse,Amazon,Los Angeles,Patient Care,88366
Accountant,Google,Toronto,Bookkeeping,40951
Librarian,Google,London,Cataloguing,30045
Tax Consultant,Tesla,Paris,Tax Filing,74444
Marketing Manager,Disney,Los Angeles,SEO,100716
Carpenter,Tesla,Delhi,Woodworking,37437
Cybersecurity Analyst,McDonald's,London,Network Security,74934
Nurse,BMW,New York,Patient Care,53121
Construction Worker,Pfizer,Toronto,Masonry,59002
Waiter,BMW,Chicago,Hospitality,33681
Researcher,Wipro,Chicago,Data Analysis,54214
Carpenter,Tesla,Berlin,Woodworking,64020
Professor,Wipro,Bangalore,Research,60271
Tax Consultant,Google,New York,Tax Filing,69248
Radiologist,Accenture,Singapore,Imaging,235743
Marketing Manager,BMW,Chicago,SEO,119024
Waiter,Amazon,Berlin,Hospitality,21096
Teacher,Meta,Dubai,Classroom Management,69182
Animator,Sony,Los Angeles,3D Animation,71550
Waiter,Google,Tokyo,Hospitality,39718
Tax Consultant,EY,Tokyo,Tax Filing,72152
Nurse,Microsoft,Los Angeles,Patient Care,44716
Operations Manager,Accenture,New York,Process Optimization,130529
Cashier,Infosys,Toronto,Billing,39217
Tax Consultant,Disney,New York,Tax Filing,73228
Chef,McDonald's,Delhi,Culinary Arts,75768
Farmer,HSBC,Delhi,Crop Management,45164
Lawyer,Deloitte,Tokyo,Litigation,110934
Professor,Accenture,Delhi,Research,138374
Cashier,Microsoft,Los Angeles,Billing,49779
Cashier,Sony,San Francisco,Billing,41861
Animator,HSBC,Bangalore,3D Animation,67720
Carpenter,Infosys,New York,Woodworking,43174
Operations Manager,Google,Los Angeles,Process Optimization,129193
Cashier,Wipro,Singapore,Billing,22388
Animator,Wipro,Singapore,3D Animation,76588
Construction Worker,Wipro,Sydney,Masonry,59420
Farmer,Sony,Toronto,Crop Management,28984
Driver,Tesla,San Francisco,Driving,39566
Data Scientist,Infosys,Los Angeles,Machine Learning,108271
Farmer,Deloitte,Sydney,Crop Management,46675
Driver,McDonald's,Paris,Driving,53507
Investment Banker,Infosys,London,Valuation,108683
Construction Worker,KPMG,Bangalore,Masonry,49312
Tax Consultant,Sony,Delhi,Tax Filing,89464
Chef,Tesla,Tokyo,Culinary Arts,85662
Cashier,Apple,San Francisco,Billing,32545
Project Manager,Infosys,Paris,Agile,102101
Writer,Google,New York,Creative Writing,67318
Cashier,Microsoft,Bangalore,Billing,41213
Tutor,JPMorgan,Toronto,Mentoring,32100
Plumber,Infosys,New York,Pipe Fitting,77239
Librarian,Disney,Chicago,Cataloguing,49856
Receptionist,JPMorgan,Dubai,Front Desk,32257
Farmer,Deloitte,Chicago,Crop Management,33758
Accountant,HSBC,Berlin,Bookkeeping,96534
Operations Manager,Microsoft,San Francisco,Process Optimization,144432
Plumber,Coca Cola,Berlin,Pipe Fitting,32819
Chef,EY,Berlin,Culinary Arts,53443
Investment Banker,Amazon,New York,Valuation,125002
Doctor,JPMorgan,Dubai,Surgery,158545
Judge,McDonald's,New York,Judicial Review,156742
Operations Manager,HSBC,Singapore,Process Optimization,146388
Data Scientist,Amazon,London,Machine Learning,73906
Legal Advisor,Google,San Francisco,Contract Drafting,112539
Waiter,KPMG,Singapore,Hospitality,30437
Investment Banker,Google,Toronto,Valuation,124836
Operations Manager,Apple,San Francisco,Process Optimization,149830
Psychologist,KPMG,Delhi,Counseling,98950
Librarian,Wipro,New York,Cataloguing,45154
Researcher,BMW,Delhi,Data Analysis,73883
Librarian,Microsoft,Paris,Cataloguing,58452
Construction Worker,Wipro,San Francisco,Masonry,25933
Writer,Microsoft,Singapore,Creative Writing,58797
Receptionist,Meta,Singapore,Front Desk,28756
Lawyer,Wipro,Dubai,Litigation,84327
Radiologist,Meta,San Francisco,Imaging,180268
Compliance Officer,Deloitte,Sydney,Regulation,88948
Cashier,Infosys,Los Angeles,Billing,28618
Radiologist,KPMG,Berlin,Imaging,172378
Legal Advisor,Infosys,Dubai,Contract Drafting,143294
Pilot,Wipro,Paris,Navigation,201057
Electrician,Infosys,Chicago,Wiring,39271
Driver,Wipro,Toronto,Driving,53104
Graphic Designer,Accenture,Singapore,Photoshop,44660
Support Specialist,Deloitte,London,Troubleshooting,51138
Cloud Engineer,Sony,New York,AWS,106275
Software Engineer,Apple,Berlin,Python,126706
Tax Consultant,JPMorgan,Paris,Tax Filing,44471
Driver,EY,London,Driving,35029
Receptionist,Deloitte,Berlin,Front Desk,36041
Farmer,Wipro,Chicago,Crop Management,36322
Tutor,Google,Chicago,Mentoring,21558
Carpenter,BMW,Dubai,Woodworking,31695
Construction Worker,Disney,Singapore,Masonry,34773
Professor,Wipro,New York,Research,143238
Chef,Coca Cola,San Francisco,Culinary Arts,74004
Tutor,McDonald's,Bangalore,Mentoring,24873
Mechanic,HSBC,London,Engine Repair,63350
Researcher,Pfizer,Bangalore,Data Analysis,91470
Compliance Officer,Sony,Tokyo,Regulation,82118
Teacher,BMW,Sydney,Classroom Management,31494
Compliance Officer,Tesla,Dubai,Regulation,97135
Librarian,Deloitte,Bangalore,Cataloguing,42562
Teacher,McDonald's,Berlin,Classroom Management,61474
Software Engineer,McDonald's,San Francisco,Python,70389
Driver,KPMG,London,Driving,50226
Accountant,Microsoft,Berlin,Bookkeeping,82393
Sales Manager,Meta,Dubai,Negotiation,83421
Pharmacist,Tesla,Dubai,Pharmacology,80100
Investment Banker,Infosys,Toronto,Valuation,115411
Receptionist,Accenture,Paris,Front Desk,30215
Psychologist,McDonald's,Tokyo,Counseling,100538
Radiologist,Sony,Paris,Imaging,218753
Compliance Officer,BMW,Berlin,Regulation,99022
Compliance Officer,EY,San Francisco,Regulation,97751
Tutor,HSBC,Tokyo,Mentoring,42393
Tutor,BMW,Tokyo,Mentoring,50667
Writer,Accenture,Toronto,Creative Writing,60317
Project Manager,Infosys,Paris,Agile,128620
Cloud Engineer,Disney,New York,AWS,165487
Auditor,Sony,Singapore,Compliance,82348
Teacher,Infosys,Bangalore,Classroom Management,74613
Librarian,KPMG,London,Cataloguing,52369
Carpenter,JPMorgan,Los Angeles,Woodworking,41172
Compliance Officer,KPMG,Paris,Regulation,60498
Photographer,KPMG,San Francisco,Photography,64401
Tax Consultant,JPMorgan,Bangalore,Tax Filing,99319
Electrician,KPMG,Sydney,Wiring,45080
Cloud Engineer,Google,Bangalore,AWS,112183
Auditor,Deloitte,Singapore,Compliance,60787
Paralegal,HSBC,Berlin,Legal Research,67401
Carpenter,HSBC,Bangalore,Woodworking,51137
Project Manager,Pfizer,Tokyo,Agile,74576
Doctor,Meta,Chicago,Surgery,253993
Professor,Amazon,Paris,Research,86811
Farmer,BMW,London,Crop Management,28046
Waiter,Meta,Paris,Hospitality,24571
Pharmacist,Microsoft,Paris,Pharmacology,68909
Compliance Officer,Amazon,Sydney,Regulation,104713
Video Editor,Sony,Dubai,Premiere Pro,61893
Radiologist,Tesla,Berlin,Imaging,204049
HR Manager,McDonald's,Berlin,Recruitment,110771
Judge,Deloitte,San Francisco,Judicial Review,150045
Plumber,Tesla,Bangalore,Pipe Fitting,51798
Project Manager,Apple,Dubai,Agile,112334
Compliance Officer,Meta,Berlin,Regulation,98469
Welder,Sony,Bangalore,Arc Welding,65088
Driver,Coca Cola,Los Angeles,Driving,28923
Farmer,JPMorgan,London,Crop Management,37918
Researcher,Wipro,San Francisco,Data Analysis,88010
Cloud Engineer,BMW,Bangalore,AWS,138379
HR Manager,KPMG,Tokyo,Recruitment,88114
Electrician,KPMG,Tokyo,Wiring,62606
Legal Advisor,Disney,Chicago,Contract Drafting,92987
Data Scientist,Meta,Dubai,Machine Learning,72864
Financial Analyst,Tesla,New York,Excel Modeling,63957
Call Center Agent,Tesla,Dubai,Customer Handling,49841
Researcher,Accenture,Los Angeles,Data Analysis,108633
Support Specialist,KPMG,San Francisco,Troubleshooting,48595
Call Center Agent,HSBC,Tokyo,Customer Handling,22156
Animator,McDonald's,Bangalore,3D Animation,83619
Investment Banker,Apple,Delhi,Valuation,186894
HR Manager,Disney,Paris,Recruitment,98162
Judge,Deloitte,Tokyo,Judicial Review,151525
Paralegal,EY,Los Angeles,Legal Research,68394
Graphic Designer,Microsoft,London,Photoshop,66355
Welder,Deloitte,Chicago,Arc Welding,58165
Receptionist,Google,Chicago,Front Desk,55383
Driver,Deloitte,Bangalore,Driving,56671
Lawyer,Google,Los Angeles,Litigation,182788
Animator,Amazon,Chicago,3D Animation,65421
Writer,Accenture,Sydney,Creative Writing,61117
Teacher,Microsoft,Bangalore,Classroom Management,77107
Software Engineer,Google,Berlin,Python,139797
Paralegal,Google,San Francisco,Legal Research,58660
Librarian,Tesla,Toronto,Cataloguing,53422
Psychologist,Disney,Singapore,Counseling,110412
Auditor,Pfizer,New York,Compliance,76505
Call Center Agent,Coca Cola,Sydney,Customer Handling,48998
Psychologist,EY,Dubai,Counseling,99388
Doctor,Tesla,Chicago,Surgery,143569
Cloud Engineer,HSBC,Bangalore,AWS,131924
Cashier,Deloitte,Los Angeles,Billing,41230
Driver,Apple,San Francisco,Driving,54224
Project Manager,Pfizer,Los Angeles,Agile,126512
Accountant,Accenture,Tokyo,Bookkeeping,75949
Operations Manager,Coca Cola,San Francisco,Process Optimization,139546
Teacher,Disney,Chicago,Classroom Management,46697
Plumber,Disney,Los Angeles,Pipe Fitting,34374
Pilot,Infosys,Chicago,Navigation,167070
Mechanic,BMW,New York,Engine Repair,57310
Researcher,Sony,New York,Data Analysis,71381
Marketing Manager,EY,Paris,SEO,88931
Marketing Manager,Sony,Los Angeles,SEO,93628
Farmer,Google,Berlin,Crop Management,19385
Cloud Engineer,EY,Singapore,AWS,112307
Investment Banker,Pfizer,Tokyo,Valuation,162716
Paralegal,McDonald's,Chicago,Legal Research,57774
Radiologist,BMW,Dubai,Imaging,151571
Call Center Agent,Wipro,Paris,Customer Handling,41880
Lawyer,Apple,Dubai,Litigation,191907
Cybersecurity Analyst,Tesla,Dubai,Network Security,96638
Cybersecurity Analyst,Tesla,Sydney,Network Security,89956
Web Developer,Sony,Dubai,JavaScript,83927
Electrician,HSBC,Los Angeles,Wiring,62342
Auditor,HSBC,Los Angeles,Compliance,102837
Cloud Engineer,HSBC,San Francisco,AWS,140364
Driver,KPMG,Singapore,Driving,31537
Carpenter,EY,Singapore,Woodworking,65600
Web Developer,JPMorgan,Los Angeles,JavaScript,61271
Auditor,Sony,Chicago,Compliance,96554
Investment Banker,Deloitte,San Francisco,Valuation,108206
Electrician,Microsoft,London,Wiring,34243
Professor,Sony,Berlin,Research,88837
Graphic Designer,Meta,Dubai,Photoshop,48716
Nurse,McDonald's,Bangalore,Patient Care,65028
Legal Advisor,Google,Toronto,Contract Drafting,115848
Writer,Accenture,Chicago,Creative Writing,63128
Support Specialist,KPMG,Chicago,Troubleshooting,36636
Mechanic,Infosys,Delhi,Engine Repair,46343
Data Scientist,Amazon,Sydney,Machine Learning,100433
Cashier,Disney,San Francisco,Billing,44600
Doctor,EY,Bangalore,Surgery,245434
Tax Consultant,Wipro,San Francisco,Tax Filing,60573
Call Center Agent,Sony,Dubai,Customer Handling,21896
Farmer,Coca Cola,Dubai,Crop Management,36497
Librarian,JPMorgan,Berlin,Cataloguing,31979
Pilot,BMW,Sydney,Navigation,144295
Graphic Designer,Tesla,San Francisco,Photoshop,81609
Compliance Officer,Coca Cola,San Francisco,Regulation,83794
Teacher,KPMG,Los Angeles,Classroom Management,37936
Farmer,HSBC,Bangalore,Crop Management,47245
Farmer,Disney,San Francisco,Crop Management,19654
Lawyer,EY,Los Angeles,Litigation,192976
Animator,Coca Cola,Los Angeles,3D Animation,84822
Cloud Engineer,EY,Tokyo,AWS,99172
Web Developer,Pfizer,Delhi,JavaScript,62259
Construction Worker,KPMG,Sydney,Masonry,52499
Carpenter,Wipro,San Francisco,Woodworking,26930
Data Scientist,Sony,Dubai,Machine Learning,114886
Researcher,Accenture,San Francisco,Data Analysis,58154
Psychologist,EY,San Francisco,Counseling,128413
Doctor,HSBC,Dubai,Surgery,245414
Cybersecurity Analyst,Coca Cola,Chicago,Network Security,96008
Cybersecurity Analyst,Meta,Tokyo,Network Security,78873
Software Engineer,HSBC,Dubai,Python,130406
Cashier,Sony,Delhi,Billing,29189
Radiologist,Apple,Singapore,Imaging,197361
Project Manager,Meta,Chicago,Agile,122877
Nurse,KPMG,Dubai,Patient Care,58434
Animator,EY,Los Angeles,3D Animation,52942
Librarian,KPMG,Dubai,Cataloguing,33370
Nurse,Coca Cola,Berlin,Patient Care,58353
Pharmacist,Microsoft,Bangalore,Pharmacology,77583
Nurse,KPMG,Delhi,Patient Care,84868
Software Engineer,Disney,Chicago,Python,103547
Web Developer,Pfizer,Tokyo,JavaScript,50680
Legal Advisor,Wipro,Singapore,Contract Drafting,101055
Compliance Officer,Apple,Sydney,Regulation,106458
Writer,Coca Cola,Paris,Creative Writing,65680
Auditor,Apple,Los Angeles,Compliance,94069
Welder,Accenture,Paris,Arc Welding,57619
Web Developer,KPMG,Tokyo,JavaScript,86888
Librarian,BMW,Paris,Cataloguing,48657
Construction Worker,HSBC,Sydney,Masonry,51607
HR Manager,Apple,Dubai,Recruitment,101556
Writer,EY,Tokyo,Creative Writing,63330
Financial Analyst,EY,Chicago,Excel Modeling,102685
Psychologist,BMW,Delhi,Counseling,74910
Psychologist,BMW,New York,Counseling,84587
Paralegal,McDonald's,Bangalore,Legal Research,69511
Teacher,HSBC,Los Angeles,Classroom Management,55438
Professor,Disney,Bangalore,Research,132369
Accountant,Amazon,Dubai,Bookkeeping,66595
Teacher,Apple,Bangalore,Classroom Management,32434
Sales Manager,BMW,Singapore,Negotiation,109947
Lawyer,BMW,Bangalore,Litigation,107305
Tax Consultant,Tesla,Paris,Tax Filing,83203
Marketing Manager,EY,New York,SEO,92851
Waiter,McDonald's,Sydney,Hospitality,28888
Welder,McDonald's,London,Arc Welding,64651
Nurse,McDonald's,Sydney,Patient Care,79819
Financial Analyst,Disney,San Francisco,Excel Modeling,69103
Operations Manager,Accenture,Sydney,Process Optimization,114461
Teacher,Apple,Tokyo,Classroom Management,53398
Video Editor,BMW,London,Premiere Pro,82896
Video Editor,Microsoft,Sydney,Premiere Pro,50598
Data Scientist,EY,Dubai,Machine Learning,88990
Project Manager,Disney,Tokyo,Agile,98770
Receptionist,Meta,New York,Front Desk,48148
Receptionist,KPMG,Bangalore,Front Desk,51202
Marketing Manager,Disney,Singapore,SEO,90645
Professor,JPMorgan,Los Angeles,Research,100266
Judge,Wipro,Bangalore,Judicial Review,232879
Cybersecurity Analyst,Coca Cola,Paris,Network Security,80718
Chef,Deloitte,Singapore,Culinary Arts,53880
Project Manager,Infosys,Singapore,Agile,107954
Data Scientist,EY,Paris,Machine Learning,144670
Driver,Disney,Los Angeles,Driving,43793
Judge,Wipro,Dubai,Judicial Review,206410
Investment Banker,HSBC,New York,Valuation,103517
Tax Consultant,Pfizer,San Francisco,Tax Filing,42419
Financial Analyst,Sony,Bangalore,Excel Modeling,74124
Sales Manager,Amazon,Delhi,Negotiation,122307
Compliance Officer,Google,Singapore,Regulation,103264
Data Scientist,McDonald's,Delhi,Machine Learning,100167
Teacher,Accenture,Dubai,Classroom Management,61597
Teacher,Sony,Sydney,Classroom Management,57666
Paralegal,Infosys,Berlin,Legal Research,46479
Software Engineer,Deloitte,Delhi,Python,139781
Software Engineer,JPMorgan,Singapore,Python,67269
Teacher,Wipro,New York,Classroom Management,50432
Marketing Manager,BMW,Berlin,SEO,75287
Cloud Engineer,BMW,Chicago,AWS,93130
Plumber,EY,New York,Pipe Fitting,79733
Nurse,Disney,Los Angeles,Patient Care,82828
Driver,Infosys,London,Driving,33188
Chef,KPMG,Paris,Culinary Arts,66302
Chef,Google,Tokyo,Culinary Arts,66976
Carpenter,McDonald's,New York,Woodworking,31238
HR Manager,McDonald's,Sydney,Recruitment,66959
Pharmacist,HSBC,Sydney,Pharmacology,115936
Researcher,McDonald's,New York,Data Analysis,97872
Accountant,Infosys,Chicago,Bookkeeping,51838
Nurse,EY,Tokyo,Patient Care,69114
Nurse,Google,Paris,Patient Care,67798
Web Developer,JPMorgan,New York,JavaScript,90118
Electrician,McDonald's,Toronto,Wiring,57108
Professor,Pfizer,Berlin,Research,105140
Librarian,Wipro,New York,Cataloguing,67571
Graphic Designer,Sony,New York,Photoshop,88764
Call Center Agent,Pfizer,Paris,Customer Handling,35828
Farmer,Sony,Delhi,Crop Management,32974
HR Manager,KPMG,Los Angeles,Recruitment,102445
Construction Worker,Amazon,San Francisco,Masonry,54543
Video Editor,Pfizer,New York,Premiere Pro,41941
Radiologist,Deloitte,Dubai,Imaging,236024
Marketing Manager,KPMG,Sydney,SEO,65687
Project Manager,BMW,Singapore,Agile,132457
Radiologist,Sony,Delhi,Imaging,218743
Cybersecurity Analyst,Infosys,San Francisco,Network Security,81947
Electrician,HSBC,Bangalore,Wiring,61266
Psychologist,Wipro,Sydney,Counseling,70776
Pilot,Disney,Singapore,Navigation,168781
Psychologist,Disney,London,Counseling,73710
Operations Manager,Microsoft,Dubai,Process Optimization,72517
Graphic Designer,Apple,Chicago,Photoshop,45887
HR Manager,Google,Singapore,Recruitment,67857
Lawyer,BMW,Toronto,Litigation,194331
Electrician,Microsoft,Sydney,Wiring,54303
Paralegal,HSBC,Tokyo,Legal Research,37987
Librarian,Microsoft,Dubai,Cataloguing,30101
Electrician,BMW,Los Angeles,Wiring,36785
Chef,Google,London,Culinary Arts,66529
Call Center Agent,Deloitte,San Francisco,Customer Handling,21865
Software Engineer,McDonald's,Toronto,Python,120427
Carpenter,Wipro,Dubai,Woodworking,32828
Graphic Designer,Disney,Paris,Photoshop,47178
Operations Manager,Sony,Toronto,Process Optimization,147192
Animator,Pfizer,New York,3D Animation,68980
Teacher,Accenture,London,Classroom Management,79076
Radiologist,BMW,Delhi,Imaging,219572
Writer,Coca Cola,Dubai,Creative Writing,43849
Support Specialist,Sony,Toronto,Troubleshooting,62183
Lawyer,Deloitte,Paris,Litigation,110036
Pharmacist,Accenture,New York,Pharmacology,83236
Lawyer,BMW,Chicago,Litigation,135203
Tutor,Coca Cola,Toronto,Mentoring,59998
Legal Advisor,Microsoft,Los Angeles,Contract Drafting,87770
Nurse,Microsoft,Chicago,Patient Care,66012
Cybersecurity Analyst,Disney,Sydney,Network Security,123196
Welder,Meta,Los Angeles,Arc Welding,31720
Graphic Designer,Coca Cola,Sydney,Photoshop,66844
Operations Manager,Coca Cola,Singapore,Process Optimization,78923
Chef,Disney,Los Angeles,Culinary Arts,61856
Welder,Infosys,New York,Arc Welding,65685
Nurse,Disney,Los Angeles,Patient Care,88059
Call Center Agent,Meta,Chicago,Customer Handling,23792
Cybersecurity Analyst,Meta,Berlin,Network Security,98016
Legal Advisor,Google,Toronto,Contract Drafting,142576
Chef,Sony,Toronto,Culinary Arts,51437
Pilot,Apple,Delhi,Navigation,241214
Compliance Officer,Deloitte,Toronto,Regulation,87495
Cashier,Deloitte,Delhi,Billing,25597
Driver,Pfizer,Sydney,Driving,55391
Legal Advisor,Sony,Toronto,Contract Drafting,121918
HR Manager,Disney,Delhi,Recruitment,73919
Cloud Engineer,Tesla,London,AWS,137475
Data Scientist,Google,Singapore,Machine Learning,73512
Writer,Tesla,San Francisco,Creative Writing,54581
Electrician,Amazon,Delhi,Wiring,49378
Driver,Infosys,Chicago,Driving,48789
Professor,Microsoft,London,Research,66674
Marketing Manager,Wipro,Tokyo,SEO,82793
Pilot,Pfizer,Sydney,Navigation,204707
Farmer,Disney,London,Crop Management,42847
Tax Consultant,Sony,Los Angeles,Tax Filing,65034
Teacher,Accenture,Singapore,Classroom Management,31618
Driver,Infosys,Delhi,Driving,49139
Auditor,Meta,Tokyo,Compliance,55671
Writer,Sony,Sydney,Creative Writing,36480
Auditor,Amazon,Tokyo,Compliance,64754
Doctor,Pfizer,San Francisco,Surgery,208080
Investment Banker,Sony,Sydney,Valuation,106528
Farmer,Google,London,Crop Management,33692
Mechanic,Amazon,London,Engine Repair,39191
Support Specialist,Microsoft,Toronto,Troubleshooting,44726
Construction Worker,JPMorgan,Bangalore,Masonry,36038
Lawyer,Tesla,Chicago,Litigation,142650
Chef,Wipro,San Francisco,Culinary Arts,63967
Radiologist,Meta,Chicago,Imaging,198544
Psychologist,BMW,Chicago,Counseling,102190
Construction Worker,Pfizer,Los Angeles,Masonry,34528
Video Editor,McDonald's,Toronto,Premiere Pro,69835
Radiologist,Amazon,Berlin,Imaging,249431
Receptionist,JPMorgan,Tokyo,Front Desk,59056
Electrician,Apple,Bangalore,Wiring,78253
Data Scientist,JPMorgan,Toronto,Machine Learning,90375
Receptionist,BMW,Singapore,Front Desk,27377
Software Engineer,Microsoft,London,Python,141356
Cybersecurity Analyst,Sony,Paris,Network Security,109953
Compliance Officer,Meta,New York,Regulation,115776
Project Manager,JPMorgan,London,Agile,120107
Writer,Disney,Toronto,Creative Writing,54192
Driver,Pfizer,Berlin,Driving,31468
Carpenter,Infosys,Delhi,Woodworking,54637
Lawyer,Infosys,Paris,Litigation,187131
Data Scientist,EY,Toronto,Machine Learning,112813
Photographer,EY,Bangalore,Photography,35923
Waiter,Pfizer,Chicago,Hospitality,25961
Support Specialist,Deloitte,Tokyo,Troubleshooting,35224
Legal Advisor,Deloitte,Sydney,Contract Drafting,96826
Paralegal,Infosys,Chicago,Legal Research,37875
Web Developer,KPMG,Dubai,JavaScript,102342
Data Scientist,KPMG,Sydney,Machine Learning,133598
Animator,Disney,Singapore,3D Animation,63011
Legal Advisor,Meta,Delhi,Contract Drafting,113089
Plumber,Microsoft,San Francisco,Pipe Fitting,49356
Chef,Amazon,Dubai,Culinary Arts,88085
Mechanic,Apple,Sydney,Engine Repair,35604
HR Manager,Microsoft,Toronto,Recruitment,63195
Financial Analyst,Google,Tokyo,Excel Modeling,74359
Software Engineer,Pfizer,New York,Python,117994
Animator,Sony,Sydney,3D Animation,88540
Data Scientist,Meta,Singapore,Machine Learning,91815
Compliance Officer,Coca Cola,Chicago,Regulation,75703
Teacher,EY,Paris,Classroom Management,64995
Mechanic,Deloitte,Dubai,Engine Repair,57698
Photographer,Apple,Berlin,Photography,49197
Operations Manager,Sony,Toronto,Process Optimization,76252
Graphic Designer,JPMorgan,Paris,Photoshop,84786
Construction Worker,Microsoft,Bangalore,Masonry,32629
Support Specialist,HSBC,Berlin,Troubleshooting,38967
Paralegal,Apple,Los Angeles,Legal Research,48772
Nurse,Pfizer,Sydney,Patient Care,65670
Pharmacist,Infosys,Sydney,Pharmacology,66269
Cloud Engineer,EY,Bangalore,AWS,100682
Video Editor,JPMorgan,Singapore,Premiere Pro,80454
Farmer,EY,San Francisco,Crop Management,48272
Legal Advisor,Tesla,New York,Contract Drafting,107249
Pilot,Coca Cola,Chicago,Navigation,161073
Construction Worker,Infosys,Sydney,Masonry,48766
Writer,Tesla,Paris,Creative Writing,68911
Paralegal,JPMorgan,New York,Legal Research,69092
Support Specialist,Meta,Bangalore,Troubleshooting,53710
Librarian,Pfizer,Sydney,Cataloguing,63341
Writer,Accenture,London,Creative Writing,32764
Sales Manager,HSBC,Singapore,Negotiation,121453
Farmer,BMW,Tokyo,Crop Management,35703
Accountant,Apple,Singapore,Bookkeeping,51956
Accountant,Microsoft,London,Bookkeeping,88530
Teacher,KPMG,Chicago,Classroom Management,65039
Nurse,Apple,Singapore,Patient Care,65259
Software Engineer,Infosys,Toronto,Python,102120
Cloud Engineer,Sony,New York,AWS,125179
Project Manager,KPMG,Bangalore,Agile,110212
Teacher,Meta,San Francisco,Classroom Management,46829
Nurse,Coca Cola,Singapore,Patient Care,83031
Investment Banker,EY,Bangalore,Valuation,188903
Welder,KPMG,Tokyo,Arc Welding,26500
Welder,Disney,Berlin,Arc Welding,38535
Farmer,Coca Cola,Tokyo,Crop Management,38144
Call Center Agent,Deloitte,Delhi,Customer Handling,28237
Mechanic,JPMorgan,Singapore,Engine Repair,51348
Data Scientist,Amazon,Chicago,Machine Learning,84923
Investment Banker,Meta,Paris,Valuation,132183
Waiter,Infosys,San Francisco,Hospitality,29243
Professor,KPMG,Dubai,Research,97987
Graphic Designer,Infosys,San Francisco,Photoshop,74623
Investment Banker,Apple,Singapore,Valuation,109017
Welder,Amazon,Berlin,Arc Welding,51031
Operations Manager,Disney,London,Process Optimization,83752
Accountant,Infosys,London,Bookkeeping,91280
Support Specialist,Coca Cola,Chicago,Troubleshooting,41729
Mechanic,BMW,Bangalore,Engine Repair,61448
Video Editor,Wipro,London,Premiere Pro,54728
Writer,BMW,Bangalore,Creative Writing,64854
Cashier,Amazon,Berlin,Billing,31736
Data Scientist,Coca Cola,Delhi,Machine Learning,124059
Welder,McDonald's,Tokyo,Arc Welding,37327
Plumber,Disney,Toronto,Pipe Fitting,61845
Doctor,JPMorgan,Singapore,Surgery,103153
Animator,Google,Berlin,3D Animation,84047
Investment Banker,Accenture,Singapore,Valuation,108910
Support Specialist,Amazon,Chicago,Troubleshooting,64561
Librarian,Deloitte,Dubai,Cataloguing,33468
Electrician,Meta,Paris,Wiring,43040
Carpenter,Tesla,Singapore,Woodworking,51615
Sales Manager,Apple,Singapore,Negotiation,101844
Support Specialist,JPMorgan,Delhi,Troubleshooting,52314
Professor,McDonald's,Tokyo,Research,119514
Farmer,Google,Paris,Crop Management,30952
Mechanic,Tesla,Bangalore,Engine Repair,52188
Farmer,Accenture,Bangalore,Crop Management,40310
Pilot,Deloitte,Berlin,Navigation,157660
Data Scientist,Microsoft,Dubai,Machine Learning,142532
Project Manager,EY,San Francisco,Agile,101054
Operations Manager,Microsoft,Toronto,Process Optimization,85794
Waiter,Apple,San Francisco,Hospitality,22466
Sales Manager,Accenture,London,Negotiation,98534
Investment Banker,Coca Cola,Berlin,Valuation,161208
HR Manager,Apple,Tokyo,Recruitment,86867
Judge,Coca Cola,Berlin,Judicial Review,175546
Support Specialist,Apple,Dubai,Troubleshooting,49512
Operations Manager,Infosys,Tokyo,Process Optimization,111956
Sales Manager,Apple,Singapore,Negotiation,97225
Financial Analyst,Microsoft,Paris,Excel Modeling,103962
Call Center Agent,Disney,New York,Customer Handling,32315
Photographer,Amazon,San Francisco,Photography,86785
Paralegal,Google,Tokyo,Legal Research,56897
Radiologist,KPMG,Paris,Imaging,132264
Teacher,Apple,Bangalore,Classroom Management,43070
Software Engineer,McDonald's,London,Python,119581
Tax Consultant,Disney,Bangalore,Tax Filing,56192
Pilot,HSBC,Paris,Navigation,193555
Writer,EY,Bangalore,Creative Writing,38990
Cloud Engineer,KPMG,Singapore,AWS,166294
Writer,HSBC,Chicago,Creative Writing,48662
Cashier,Google,New York,Billing,44219
Nurse,Wipro,New York,Patient Care,56122
Software Engineer,BMW,Tokyo,Python,131006
Legal Advisor,Coca Cola,San Francisco,Contract Drafting,67063
Web Developer,EY,Bangalore,JavaScript,99090
Web Developer,Coca Cola,Singapore,JavaScript,67401
Software Engineer,Disney,Berlin,Python,74606
Librarian,Pfizer,Delhi,Cataloguing,62485
Cybersecurity Analyst,JPMorgan,Bangalore,Network Security,135372
Compliance Officer,Google,Bangalore,Regulation,80412
Animator,BMW,Sydney,3D Animation,93556
Lawyer,Pfizer,New York,Litigation,112761
Tutor,Apple,Toronto,Mentoring,28931
Psychologist,Google,Sydney,Counseling,122518
Driver,Wipro,Tokyo,Driving,42887
Graphic Designer,JPMorgan,Paris,Photoshop,85888
Video Editor,Wipro,London,Premiere Pro,47757
Judge,Infosys,Toronto,Judicial Review,196272
Nurse,Amazon,New York,Patient Care,76645
Animator,McDonald's,Toronto,3D Animation,79142
Financial Analyst,Tesla,Singapore,Excel Modeling,93662
Electrician,EY,London,Wiring,43389
Call Center Agent,Sony,Delhi,Customer Handling,30870
Carpenter,Deloitte,New York,Woodworking,46748
Judge,Meta,Tokyo,Judicial Review,161269
Radiologist,Accenture,Bangalore,Imaging,192568
Professor,HSBC,New York,Research,133210
Cloud Engineer,Infosys,Singapore,AWS,106400
Electrician,JPMorgan,Bangalore,Wiring,65872
Auditor,Apple,New York,Compliance,81447
Call Center Agent,Google,London,Customer Handling,38254
Accountant,Pfizer,San Francisco,Bookkeeping,90764
Waiter,Apple,London,Hospitality,39454
Psychologist,Deloitte,Toronto,Counseling,122257
Video Editor,BMW,Delhi,Premiere Pro,51958
Investment Banker,BMW,San Francisco,Valuation,182003
Lawyer,EY,Toronto,Litigation,162242
Support Specialist,Deloitte,Dubai,Troubleshooting,47428
Chef,Deloitte,Chicago,Culinary Arts,44778
Researcher,Meta,New York,Data Analysis,96026
Call Center Agent,Google,New York,Customer Handling,28668
Chef,Google,Singapore,Culinary Arts,63208
Professor,Infosys,Tokyo,Research,82325
Graphic Designer,KPMG,Singapore,Photoshop,84045
Welder,Infosys,Chicago,Arc Welding,29351
Lawyer,Tesla,Los Angeles,Litigation,167277
Support Specialist,Wipro,Paris,Troubleshooting,69623
Support Specialist,Meta,Berlin,Troubleshooting,34296
Animator,Infosys,New York,3D Animation,60125
Marketing Manager,Accenture,San Francisco,SEO,125431
Lawyer,Accenture,Chicago,Litigation,123757
Tax Consultant,KPMG,London,Tax Filing,88902
Cybersecurity Analyst,Meta,Berlin,Network Security,72947
Psychologist,Pfizer,Sydney,Counseling,80940
Receptionist,Disney,Toronto,Front Desk,35041
Video Editor,Accenture,Sydney,Premiere Pro,44945
Pilot,Apple,Tokyo,Navigation,147089
Auditor,Deloitte,Tokyo,Compliance,115702
Nurse,Wipro,London,Patient Care,52130
Accountant,KPMG,New York,Bookkeeping,70108
Farmer,JPMorgan,Delhi,Crop Management,25951
Receptionist,Amazon,Singapore,Front Desk,26015
Researcher,HSBC,New York,Data Analysis,100201
Legal Advisor,Infosys,London,Contract Drafting,69231
Writer,Deloitte,Bangalore,Creative Writing,71581
Receptionist,Apple,Chicago,Front Desk,26348
Nurse,Sony,Bangalore,Patient Care,62607
Legal Advisor,Tesla,Los Angeles,Contract Drafting,129435
Compliance Officer,Google,Singapore,Regulation,92182
Judge,Amazon,London,Judicial Review,246762
Carpenter,Wipro,London,Woodworking,30040
Researcher,Google,Bangalore,Data Analysis,96274
Support Specialist,KPMG,Bangalore,Troubleshooting,30005
Cashier,Infosys,Dubai,Billing,46761
Pharmacist,Amazon,London,Pharmacology,57114
Animator,Meta,Paris,3D Animation,99851
Pharmacist,HSBC,Dubai,Pharmacology,91661
Accountant,Wipro,Chicago,Bookkeeping,89316
Psychologist,Disney,Los Angeles,Counseling,115367
Receptionist,Infosys,Chicago,Front Desk,46640
HR Manager,Google,Toronto,Recruitment,112812
Plumber,Pfizer,Sydney,Pipe Fitting,30207
Support Specialist,Wipro,Toronto,Troubleshooting,44550
Compliance Officer,JPMorgan,Bangalore,Regulation,68250
Graphic Designer,Meta,San Francisco,Photoshop,86880
Nurse,Google,London,Patient Care,78478
Judge,BMW,London,Judicial Review,247412
Accountant,Microsoft,Tokyo,Bookkeeping,87188
Accountant,Wipro,Sydney,Bookkeeping,42048
Nurse,Disney,Bangalore,Patient Care,83291
Marketing Manager,Google,New York,SEO,97105
Librarian,BMW,Tokyo,Cataloguing,57490
Graphic Designer,KPMG,New York,Photoshop,78084
Judge,BMW,Singapore,Judicial Review,198109
HR Manager,Disney,Singapore,Recruitment,106053
Sales Manager,Microsoft,Delhi,Negotiation,96805
Web Developer,Coca Cola,Sydney,JavaScript,86032
Operations Manager,Deloitte,Sydney,Process Optimization,135359
Researcher,Google,San Francisco,Data Analysis,104243
Video Editor,Coca Cola,Dubai,Premiere Pro,78946
Lawyer,Coca Cola,Los Angeles,Litigation,103393
Psychologist,Pfizer,Sydney,Counseling,122828
Researcher,BMW,Delhi,Data Analysis,76510
Graphic Designer,Sony,Berlin,Photoshop,49866
Driver,Deloitte,Sydney,Driving,45249
Legal Advisor,Disney,Paris,Contract Drafting,98821
Accountant,JPMorgan,Singapore,Bookkeeping,83627
Video Editor,Google,Sydney,Premiere Pro,47143
Sales Manager,McDonald's,Paris,Negotiation,67596
Pharmacist,Wipro,Delhi,Pharmacology,90457
Professor,Sony,Bangalore,Research,73549
Pilot,Meta,New York,Navigation,246336
Cloud Engineer,KPMG,Bangalore,AWS,161199
Chef,McDonald's,Chicago,Culinary Arts,53223
Plumber,HSBC,Tokyo,Pipe Fitting,64109
Financial Analyst,HSBC,Los Angeles,Excel Modeling,85224
Writer,Apple,Dubai,Creative Writing,74341
Compliance Officer,Accenture,London,Regulation,61746
Farmer,Accenture,Toronto,Crop Management,23310
Cybersecurity Analyst,Wipro,San Francisco,Network Security,125282
Farmer,Sony,Delhi,Crop Management,48770
Professor,McDonald's,Sydney,Research,128604
Teacher,Coca Cola,Singapore,Classroom Management,35051
Marketing Manager,Microsoft,Toronto,SEO,90393
Mechanic,BMW,Dubai,Engine Repair,34090
Legal Advisor,Sony,Tokyo,Contract Drafting,135483
Marketing Manager,Disney,Los Angeles,SEO,95832
Nurse,Meta,Tokyo,Patient Care,81782
Support Specialist,HSBC,Bangalore,Troubleshooting,59111
Cashier,Coca Cola,Dubai,Billing,34256
Electrician,HSBC,Toronto,Wiring,49735
Farmer,Infosys,New York,Crop Management,23844
Support Specialist,HSBC,Tokyo,Troubleshooting,49798
Psychologist,Apple,New York,Counseling,88052
Doctor,Wipro,Sydney,Surgery,132738
Accountant,Wipro,Toronto,Bookkeeping,55083
Teacher,JPMorgan,Bangalore,Classroom Management,66275
Doctor,EY,Toronto,Surgery,150142
Marketing Manager,Coca Cola,New York,SEO,73078
Chef,Coca Cola,London,Culinary Arts,63305
Mechanic,Tesla,Los Angeles,Engine Repair,64475
Accountant,Amazon,Delhi,Bookkeeping,87076
Accountant,EY,Delhi,Bookkeeping,59084
Nurse,Tesla,Dubai,Patient Care,86912
Compliance Officer,Disney,Tokyo,Regulation,77508
Financial Analyst,Infosys,Singapore,Excel Modeling,94781
Judge,Google,San Francisco,Judicial Review,212052
Radiologist,Microsoft,London,Imaging,203370
Cashier,Sony,San Francisco,Billing,24543
Pilot,Deloitte,Toronto,Navigation,156993
Writer,EY,San Francisco,Creative Writing,79405
Pilot,Pfizer,Paris,Navigation,172028
Operations Manager,Disney,Sydney,Process Optimization,149031
Carpenter,Microsoft,Tokyo,Woodworking,34446
Electrician,McDonald's,San Francisco,Wiring,77916
Video Editor,Disney,Chicago,Premiere Pro,60202
Sales Manager,Amazon,Sydney,Negotiation,108989
Sales Manager,KPMG,Tokyo,Negotiation,83898
Judge,Apple,San Francisco,Judicial Review,185043
Farmer,Infosys,Berlin,Crop Management,20072
Sales Manager,Pfizer,Tokyo,Negotiation,108087
Marketing Manager,Pfizer,Los Angeles,SEO,104885
Farmer,Accenture,Tokyo,Crop Management,39569
Video Editor,HSBC,Delhi,Premiere Pro,73263
Support Specialist,Apple,San Francisco,Troubleshooting,37920
Video Editor,HSBC,Toronto,Premiere Pro,49085
Librarian,McDonald's,Toronto,Cataloguing,33197
Project Manager,Google,Tokyo,Agile,89422
Compliance Officer,Pfizer,New York,Regulation,111387
Investment Banker,Disney,Bangalore,Valuation,108453
Chef,Pfizer,Toronto,Culinary Arts,41475
Lawyer,JPMorgan,Dubai,Litigation,141991
Pharmacist,McDonald's,San Francisco,Pharmacology,59492
Pharmacist,Accenture,New York,Pharmacology,63789
Carpenter,EY,New York,Woodworking,44893
Psychologist,Apple,San Francisco,Counseling,124267
Web Developer,EY,London,JavaScript,105273
Psychologist,Sony,Dubai,Counseling,129583
Software Engineer,JPMorgan,Berlin,Python,86054
Electrician,McDonald's,London,Wiring,74663
Legal Advisor,Wipro,Bangalore,Contract Drafting,65133
Operations Manager,Wipro,Sydney,Process Optimization,116965
Cybersecurity Analyst,Tesla,Singapore,Network Security,88384
Psychologist,Disney,Sydney,Counseling,62945
Auditor,Apple,Chicago,Compliance,115839
Doctor,Microsoft,Sydney,Surgery,152950
Call Center Agent,Disney,New York,Customer Handling,26615
Pharmacist,Disney,Berlin,Pharmacology,108220
Graphic Designer,Pfizer,Dubai,Photoshop,81790
Mechanic,Wipro,Singapore,Engine Repair,43303
Compliance Officer,BMW,Chicago,Regulation,116746
Accountant,JPMorgan,Berlin,Bookkeeping,88931
Mechanic,Wipro,Toronto,Engine Repair,61135
Operations Manager,Accenture,Tokyo,Process Optimization,71866
Radiologist,Sony,New York,Imaging,141724
Mechanic,Microsoft,Bangalore,Engine Repair,52383
Operations Manager,McDonald's,San Francisco,Process Optimization,122623
Photographer,McDonald's,Sydney,Photography,56596
Legal Advisor,Tesla,Berlin,Contract Drafting,116020
Video Editor,KPMG,Singapore,Premiere Pro,78943
Operations Manager,JPMorgan,Los Angeles,Process Optimization,81333
Accountant,Meta,Los Angeles,Bookkeeping,85281
Marketing Manager,BMW,Chicago,SEO,125653
Call Center Agent,Google,Berlin,Customer Handling,49332
Financial Analyst,Accenture,New York,Excel Modeling,94188
Legal Advisor,Sony,Dubai,Contract Drafting,88819
Call Center Agent,Coca Cola,Bangalore,Customer Handling,26108
Lawyer,BMW,Sydney,Litigation,172911
Radiologist,Wipro,San Francisco,Imaging,245270
Pilot,KPMG,Tokyo,Navigation,162911
Financial Analyst,BMW,Sydney,Excel Modeling,62514
Researcher,Deloitte,Tokyo,Data Analysis,108171
Auditor,BMW,San Francisco,Compliance,66525
Investment Banker,Pfizer,San Francisco,Valuation,119856
Mechanic,Meta,Los Angeles,Engine Repair,45177
HR Manager,Coca Cola,Toronto,Recruitment,66238
Chef,Pfizer,Los Angeles,Culinary Arts,58314
Support Specialist,Wipro,Chicago,Troubleshooting,44974
Sales Manager,Google,Paris,Negotiation,79053
Researcher,Infosys,Paris,Data Analysis,65571
Tutor,Pfizer,Los Angeles,Mentoring,51922
Operations Manager,Accenture,Dubai,Process Optimization,100766
Librarian,Infosys,Toronto,Cataloguing,44249
Software Engineer,BMW,Tokyo,Python,66501
Researcher,Tesla,Chicago,Data Analysis,62462
Librarian,KPMG,Singapore,Cataloguing,30824
Data Scientist,HSBC,London,Machine Learning,141544
Pharmacist,KPMG,Toronto,Pharmacology,104536
Financial Analyst,EY,Sydney,Excel Modeling,103726
Project Manager,Disney,Dubai,Agile,132298
Tutor,Apple,Toronto,Mentoring,53038
Project Manager,Coca Cola,Bangalore,Agile,117383
Paralegal,HSBC,Toronto,Legal Research,69952
Chef,Apple,Los Angeles,Culinary Arts,83704
Video Editor,Accenture,Delhi,Premiere Pro,61504
Chef,KPMG,Dubai,Culinary Arts,57754
Writer,Wipro,Sydney,Creative Writing,56479
Video Editor,Coca Cola,Los Angeles,Premiere Pro,61319
Accountant,BMW,London,Bookkeeping,92726
Pilot,Wipro,Bangalore,Navigation,159090
Legal Advisor,EY,Tokyo,Contract Drafting,109111
Doctor,Wipro,Chicago,Surgery,133494
Marketing Manager,Infosys,Paris,SEO,111947
Construction Worker,Sony,London,Masonry,45486
Tutor,McDonald's,Chicago,Mentoring,42398
Electrician,Accenture,Los Angeles,Wiring,71614
Project Manager,Deloitte,Chicago,Agile,120156
Cybersecurity Analyst,McDonald's,Bangalore,Network Security,126106
Welder,EY,Sydney,Arc Welding,67058
Accountant,McDonald's,London,Bookkeeping,51002
Investment Banker,Deloitte,New York,Valuation,109656
Cybersecurity Analyst,Amazon,Toronto,Network Security,131329
Pilot,JPMorgan,Paris,Navigation,121810
Sales Manager,Microsoft,Toronto,Negotiation,126361
Psychologist,Meta,Berlin,Counseling,75596
Legal Advisor,Meta,Delhi,Contract Drafting,133088
Psychologist,Coca Cola,San Francisco,Counseling,109629
Cashier,Accenture,Delhi,Billing,30274
Photographer,Microsoft,Bangalore,Photography,85109
Nurse,Microsoft,Los Angeles,Patient Care,66448
Pilot,HSBC,Chicago,Navigation,193394
Project Manager,Microsoft,Tokyo,Agile,95740
Waiter,McDonald's,Chicago,Hospitality,31403
Investment Banker,Sony,Singapore,Valuation,166475
Marketing Manager,Sony,Los Angeles,SEO,110832
Video Editor,Disney,New York,Premiere Pro,51761
Graphic Designer,KPMG,Bangalore,Photoshop,86334
Tax Consultant,Tesla,Dubai,Tax Filing,48846
Video Editor,HSBC,Chicago,Premiere Pro,83847
Operations Manager,KPMG,London,Process Optimization,116558
Graphic Designer,BMW,Chicago,Photoshop,54278
Video Editor,BMW,Toronto,Premiere Pro,63945
Nurse,Google,London,Patient Care,53982
Marketing Manager,Google,Singapore,SEO,69511
Professor,Meta,Chicago,Research,82339
Auditor,Pfizer,Delhi,Compliance,100797
Teacher,JPMorgan,Sydney,Classroom Management,35109
Farmer,Disney,Singapore,Crop Management,49255
Librarian,EY,Bangalore,Cataloguing,33503
Judge,Wipro,Paris,Judicial Review,214246
Financial Analyst,Accenture,Singapore,Excel Modeling,83608
Sales Manager,Meta,Los Angeles,Negotiation,67308
Writer,Tesla,San Francisco,Creative Writing,46265
Construction Worker,Sony,Singapore,Masonry,35845
Project Manager,BMW,Singapore,Agile,92652
Software Engineer,EY,Bangalore,Python,129570
Judge,Disney,Singapore,Judicial Review,248353
Auditor,Meta,Tokyo,Compliance,99134
Investment Banker,Deloitte,London,Valuation,118009
Plumber,Amazon,Bangalore,Pipe Fitting,37424
Construction Worker,BMW,London,Masonry,32893
Mechanic,JPMorgan,San Francisco,Engine Repair,32630
Cloud Engineer,Microsoft,Toronto,AWS,122889
Lawyer,JPMorgan,Chicago,Litigation,150743
Cloud Engineer,Coca Cola,London,AWS,95793
Marketing Manager,Apple,Paris,SEO,126898
Psychologist,Microsoft,New York,Counseling,78953
Researcher,Coca Cola,Delhi,Data Analysis,57813
Teacher,Microsoft,Bangalore,Classroom Management,53778
Photographer,KPMG,London,Photography,58468
Teacher,Apple,Delhi,Classroom Management,47474
Graphic Designer,KPMG,Toronto,Photoshop,54415
Chef,HSBC,Chicago,Culinary Arts,42665
Carpenter,Disney,Los Angeles,Woodworking,30273
Legal Advisor,Microsoft,Los Angeles,Contract Drafting,77731
Judge,Coca Cola,Sydney,Judicial Review,175852
Photographer,Meta,Berlin,Photography,70455
Pharmacist,Meta,Los Angeles,Pharmacology,72561
Accountant,JPMorgan,Tokyo,Bookkeeping,53386
Electrician,McDonald's,Los Angeles,Wiring,67335
Lawyer,Coca Cola,Singapore,Litigation,128559
Compliance Officer,KPMG,Berlin,Regulation,93308
Doctor,Infosys,Toronto,Surgery,292620
Cloud Engineer,Accenture,Los Angeles,AWS,95107
Cashier,BMW,New York,Billing,28540
Teacher,BMW,Dubai,Classroom Management,45424
Auditor,McDonald's,Chicago,Compliance,119093
Financial Analyst,Meta,Toronto,Excel Modeling,81230
Professor,BMW,Paris,Research,80099
Farmer,Disney,Singapore,Crop Management,21163
Animator,Accenture,Paris,3D Animation,94441
Receptionist,Microsoft,Dubai,Front Desk,34820
Construction Worker,McDonald's,Dubai,Masonry,42192
Marketing Manager,Apple,Dubai,SEO,87624
Cybersecurity Analyst,Infosys,Dubai,Network Security,95329
Cashier,Microsoft,Delhi,Billing,31283
Web Developer,Meta,London,JavaScript,65729
Pilot,Deloitte,San Francisco,Navigation,173911
Receptionist,KPMG,Bangalore,Front Desk,31602
Waiter,Apple,London,Hospitality,20370
Compliance Officer,KPMG,Toronto,Regulation,60535
Software Engineer,Tesla,Dubai,Python,135930
Call Center Agent,Coca Cola,Toronto,Customer Handling,40642
Chef,Infosys,Toronto,Culinary Arts,66712
Web Developer,Sony,Los Angeles,JavaScript,99091
Cloud Engineer,Meta,London,AWS,80665
Operations Manager,Microsoft,Singapore,Process Optimization,82000
Teacher,Microsoft,Sydney,Classroom Management,54209
Support Specialist,Tesla,Sydney,Troubleshooting,52937
Receptionist,JPMorgan,Dubai,Front Desk,34111
Plumber,Google,Bangalore,Pipe Fitting,79108
Investment Banker,Disney,New York,Valuation,185895
Video Editor,Google,London,Premiere Pro,68872
Photographer,Amazon,Dubai,Photography,50808
Tax Consultant,EY,Toronto,Tax Filing,71914
Support Specialist,Apple,Dubai,Troubleshooting,61463
Cybersecurity Analyst,Accenture,Berlin,Network Security,123382
Waiter,Wipro,Chicago,Hospitality,26573
Lawyer,Accenture,Tokyo,Litigation,198219
Pilot,Accenture,Bangalore,Navigation,157046
Mechanic,KPMG,Bangalore,Engine Repair,63725
Call Center Agent,JPMorgan,Chicago,Customer Handling,37671
Mechanic,Deloitte,Paris,Engine Repair,32832
Teacher,Disney,Singapore,Classroom Management,49108
Plumber,Google,Sydney,Pipe Fitting,55767
Tutor,BMW,Dubai,Mentoring,48866
Psychologist,Accenture,Dubai,Counseling,91297
Teacher,Wipro,Los Angeles,Classroom Management,31562
Support Specialist,JPMorgan,Chicago,Troubleshooting,45694
Paralegal,Coca Cola,New York,Legal Research,48376
Chef,Amazon,Toronto,Culinary Arts,57683
Plumber,BMW,San Francisco,Pipe Fitting,62294
Support Specialist,Pfizer,Chicago,Troubleshooting,41671
HR Manager,JPMorgan,Berlin,Recruitment,110191
Photographer,Tesla,Chicago,Photography,74667
Writer,JPMorgan,Los Angeles,Creative Writing,51018
Librarian,Amazon,New York,Cataloguing,62317
Farmer,Apple,London,Crop Management,43385
Radiologist,Google,Sydney,Imaging,190784
Electrician,Infosys,Paris,Wiring,61458
Support Specialist,Wipro,Sydney,Troubleshooting,45765
Professor,JPMorgan,Berlin,Research,85928
Professor,Google,Singapore,Research,99485
Researcher,Google,Bangalore,Data Analysis,106303
Researcher,Wipro,Tokyo,Data Analysis,56465
Call Center Agent,Meta,Dubai,Customer Handling,46766
Writer,BMW,Bangalore,Creative Writing,46259
Cybersecurity Analyst,Amazon,Chicago,Network Security,123383
Professor,Meta,Delhi,Research,101959
Investment Banker,Wipro,Chicago,Valuation,107918
Legal Advisor,Deloitte,Bangalore,Contract Drafting,80606
Welder,KPMG,Bangalore,Arc Welding,42635
Radiologist,Infosys,New York,Imaging,169336
Paralegal,Accenture,Chicago,Legal Research,62189
Video Editor,Tesla,Sydney,Premiere Pro,58178
Researcher,Tesla,Los Angeles,Data Analysis,99800
Receptionist,Tesla,Tokyo,Front Desk,52142
Animator,Coca Cola,Singapore,3D Animation,80909
Legal Advisor,Meta,New York,Contract Drafting,63920
Video Editor,Microsoft,Paris,Premiere Pro,56593
Web Developer,Meta,Toronto,JavaScript,115394
Software Engineer,Infosys,Toronto,Python,140568
Waiter,Disney,Toronto,Hospitality,38783
Video Editor,Microsoft,Dubai,Premiere Pro,83319
Waiter,Apple,Los Angeles,Hospitality,31108
Operations Manager,Accenture,New York,Process Optimization,119765
Financial Analyst,Deloitte,Los Angeles,Excel Modeling,55082
Receptionist,Disney,San Francisco,Front Desk,54253
Construction Worker,Microsoft,Singapore,Masonry,47121
Compliance Officer,Apple,New York,Regulation,89757
Graphic Designer,EY,Sydney,Photoshop,75588
Sales Manager,Amazon,New York,Negotiation,85536
Cybersecurity Analyst,McDonald's,Sydney,Network Security,86778
Investment Banker,BMW,Toronto,Valuation,106338
Tutor,Apple,Bangalore,Mentoring,43230
Investment Banker,McDonald's,Tokyo,Valuation,178821
Judge,Tesla,London,Judicial Review,225759
Carpenter,McDonald's,Chicago,Woodworking,60648
Receptionist,Amazon,Dubai,Front Desk,42126
Researcher,Apple,San Francisco,Data Analysis,68207
Judge,Meta,London,Judicial Review,178740
Judge,Google,Tokyo,Judicial Review,222080
Professor,HSBC,Singapore,Research,121091
Accountant,BMW,Tokyo,Bookkeeping,99950
Teacher,HSBC,Singapore,Classroom Management,79445
Project Manager,BMW,Dubai,Agile,131481
Cybersecurity Analyst,Coca Cola,Berlin,Network Security,86917
Teacher,KPMG,London,Classroom Management,52833
Mechanic,Meta,San Francisco,Engine Repair,42405
Nurse,McDonald's,Delhi,Patient Care,74337
Plumber,KPMG,Tokyo,Pipe Fitting,32540
Cashier,JPMorgan,Bangalore,Billing,40762
Farmer,HSBC,Toronto,Crop Management,16710
Construction Worker,Coca Cola,Delhi,Masonry,39821
Farmer,Coca Cola,New York,Crop Management,27336
Web Developer,McDonald's,Singapore,JavaScript,53929
Cloud Engineer,McDonald's,Toronto,AWS,104236
Financial Analyst,HSBC,Bangalore,Excel Modeling,96252
HR Manager,Sony,Singapore,Recruitment,95086
Radiologist,HSBC,Paris,Imaging,161887
Tutor,EY,Paris,Mentoring,40295
Video Editor,Accenture,Sydney,Premiere Pro,45590
Construction Worker,Meta,Delhi,Masonry,37061
Librarian,Sony,London,Cataloguing,63793
Cloud Engineer,Accenture,Bangalore,AWS,94084
Professor,Deloitte,Singapore,Research,142961
Driver,Sony,Berlin,Driving,31905
Software Engineer,Infosys,Singapore,Python,137878
Tutor,HSBC,London,Mentoring,54277
Auditor,Tesla,Tokyo,Compliance,59017
Accountant,Accenture,Delhi,Bookkeeping,78709
Cybersecurity Analyst,Meta,Paris,Network Security,83900
Project Manager,Accenture,Los Angeles,Agile,76373
Marketing Manager,Accenture,San Francisco,SEO,91444
Lawyer,Apple,London,Litigation,84638
Call Center Agent,Deloitte,Delhi,Customer Handling,44112
Librarian,HSBC,San Francisco,Cataloguing,31358
HR Manager,Tesla,Delhi,Recruitment,80671
Graphic Designer,Disney,San Francisco,Photoshop,81890
HR Manager,Deloitte,Toronto,Recruitment,97284
Nurse,Wipro,Singapore,Patient Care,77030
Financial Analyst,Coca Cola,Toronto,Excel Modeling,50873
Writer,JPMorgan,London,Creative Writing,66355
Cybersecurity Analyst,Disney,Sydney,Network Security,80137
Cashier,Sony,Bangalore,Billing,46925
Legal Advisor,BMW,Delhi,Contract Drafting,98996
Judge,EY,Toronto,Judicial Review,211352
Writer,Disney,Delhi,Creative Writing,37013
Graphic Designer,Wipro,Dubai,Photoshop,47029
Radiologist,McDonald's,Bangalore,Imaging,213574
Mechanic,Disney,Dubai,Engine Repair,56138
Radiologist,JPMorgan,London,Imaging,174081
Electrician,McDonald's,Chicago,Wiring,34409
Doctor,Tesla,London,Surgery,119462
Marketing Manager,Amazon,Toronto,SEO,60878
Nurse,Infosys,Sydney,Patient Care,52417
Welder,Coca Cola,New York,Arc Welding,62165
Lawyer,BMW,London,Litigation,127317
Animator,Amazon,Singapore,3D Animation,82601
Operations Manager,Sony,Singapore,Process Optimization,131517
Pilot,EY,Los Angeles,Navigation,122244
Pharmacist,HSBC,Berlin,Pharmacology,99037
Lawyer,EY,Toronto,Litigation,151191
Tutor,Wipro,Singapore,Mentoring,34306
Sales Manager,Disney,Berlin,Negotiation,122820
Software Engineer,Microsoft,Chicago,Python,116044
Paralegal,HSBC,Chicago,Legal Research,41547
Support Specialist,EY,Berlin,Troubleshooting,33520
Financial Analyst,Accenture,New York,Excel Modeling,78409
Pilot,Google,Toronto,Navigation,154495
Marketing Manager,Disney,Bangalore,SEO,99345
Investment Banker,BMW,Tokyo,Valuation,170900
Paralegal,Infosys,Paris,Legal Research,42966
Project Manager,Deloitte,London,Agile,99617
Sales Manager,Amazon,New York,Negotiation,114515
Pilot,Disney,Sydney,Navigation,202856
Compliance Officer,Apple,Toronto,Regulation,61870
Construction Worker,BMW,Tokyo,Masonry,38226
Psychologist,Wipro,New York,Counseling,94641
Researcher,Meta,Los Angeles,Data Analysis,111680
Graphic Designer,Wipro,New York,Photoshop,78485
Cybersecurity Analyst,McDonald's,Delhi,Network Security,98097
Radiologist,McDonald's,Delhi,Imaging,243005
Carpenter,Infosys,Toronto,Woodworking,66174
Sales Manager,Google,Toronto,Negotiation,78112
Pharmacist,HSBC,Chicago,Pharmacology,116371
HR Manager,Google,Chicago,Recruitment,62707
Teacher,Wipro,Toronto,Classroom Management,62596
Investment Banker,Deloitte,Delhi,Valuation,123519
Welder,BMW,Delhi,Arc Welding,42150
Investment Banker,Disney,Berlin,Valuation,165005
HR Manager,Deloitte,Berlin,Recruitment,115060
Video Editor,Amazon,Tokyo,Premiere Pro,76916
Cybersecurity Analyst,Sony,Chicago,Network Security,100480
Farmer,Pfizer,San Francisco,Crop Management,24236
Doctor,EY,New York,Surgery,239045
Graphic Designer,Coca Cola,Singapore,Photoshop,52368
Professor,Coca Cola,Berlin,Research,61862
Auditor,Sony,Los Angeles,Compliance,66351
Video Editor,Deloitte,Paris,Premiere Pro,92435
Construction Worker,Amazon,Paris,Masonry,32521
Plumber,Infosys,Chicago,Pipe Fitting,77455
Waiter,Deloitte,Berlin,Hospitality,31907
Project Manager,Pfizer,New York,Agile,115467
Teacher,Coca Cola,Delhi,Classroom Management,48911
Support Specialist,Wipro,Dubai,Troubleshooting,60111
Web Developer,McDonald's,Dubai,JavaScript,105778
Psychologist,Sony,Sydney,Counseling,112918
Cashier,EY,Sydney,Billing,47716
Cashier,Google,Los Angeles,Billing,23328
Writer,Coca Cola,Chicago,Creative Writing,50749
Marketing Manager,BMW,Bangalore,SEO,126844
Financial Analyst,Wipro,Delhi,Excel Modeling,86192
Farmer,Disney,Dubai,Crop Management,37867
Receptionist,Disney,Delhi,Front Desk,54248
Sales Manager,Sony,San Francisco,Negotiation,107452
Graphic Designer,Meta,San Francisco,Photoshop,46118
Compliance Officer,HSBC,Los Angeles,Regulation,101547
Compliance Officer,Wipro,Paris,Regulation,105551
Farmer,Apple,Delhi,Crop Management,17765
Electrician,BMW,Los Angeles,Wiring,63887
Operations Manager,Tesla,Dubai,Process Optimization,86784
Legal Advisor,Accenture,Dubai,Contract Drafting,141577
Cashier,HSBC,Toronto,Billing,35174
Professor,BMW,New York,Research,130377
Animator,McDonald's,San Francisco,3D Animation,80587
Marketing Manager,Deloitte,Tokyo,SEO,125948
Farmer,JPMorgan,Tokyo,Crop Management,17282
Graphic Designer,Pfizer,Berlin,Photoshop,61139
Librarian,HSBC,New York,Cataloguing,55295
Financial Analyst,Accenture,Dubai,Excel Modeling,73815
Pilot,Wipro,Bangalore,Navigation,210744
Marketing Manager,Amazon,San Francisco,SEO,68436
Pilot,Microsoft,Sydney,Navigation,160809
Writer,JPMorgan,Delhi,Creative Writing,45176
Accountant,McDonald's,Sydney,Bookkeeping,59521
Construction Worker,Infosys,Bangalore,Masonry,58931
Carpenter,Pfizer,Tokyo,Woodworking,29588
Chef,Tesla,Chicago,Culinary Arts,87167
Data Scientist,Accenture,Chicago,Machine Learning,129967
Animator,Pfizer,Bangalore,3D Animation,77541
Welder,Meta,Berlin,Arc Welding,59792
Photographer,HSBC,Berlin,Photography,50402
Cashier,Amazon,Paris,Billing,33951
Tax Consultant,EY,Bangalore,Tax Filing,89748
Video Editor,Deloitte,Delhi,Premiere Pro,92578
Teacher,Apple,London,Classroom Management,66352
Call Center Agent,Pfizer,Dubai,Customer Handling,41575
Support Specialist,Tesla,Singapore,Troubleshooting,68285
Writer,Infosys,San Francisco,Creative Writing,60058
Sales Manager,HSBC,Bangalore,Negotiation,66299
Carpenter,Sony,Bangalore,Woodworking,68356
Carpenter,Tesla,Bangalore,Woodworking,46669
Welder,Tesla,Sydney,Arc Welding,63545
Construction Worker,Wipro,Delhi,Masonry,20324
Marketing Manager,Accenture,Toronto,SEO,122278
Support Specialist,JPMorgan,New York,Troubleshooting,52594
Professor,HSBC,San Francisco,Research,107992
Librarian,McDonald's,San Francisco,Cataloguing,48711
Compliance Officer,Wipro,Tokyo,Regulation,89161
Carpenter,Infosys,Los Angeles,Woodworking,63175
Operations Manager,Google,Toronto,Process Optimization,148631
Pilot,Disney,San Francisco,Navigation,219479
Compliance Officer,Microsoft,Tokyo,Regulation,78336
Sales Manager,Meta,San Francisco,Negotiation,60227
Professor,Tesla,San Francisco,Research,64526
Chef,Pfizer,Tokyo,Culinary Arts,69606
Plumber,Amazon,Berlin,Pipe Fitting,72841
Welder,JPMorgan,Toronto,Arc Welding,43578
Welder,JPMorgan,Dubai,Arc Welding,26467
Call Center Agent,Coca Cola,Sydney,Customer Handling,23223
Psychologist,Tesla,Dubai,Counseling,83641
Cloud Engineer,Amazon,San Francisco,AWS,149660
Photographer,Apple,Dubai,Photography,80694
Tutor,Apple,Dubai,Mentoring,45955
Electrician,Wipro,San Francisco,Wiring,57613
Librarian,JPMorgan,Chicago,Cataloguing,48446
Operations Manager,Google,San Francisco,Process Optimization,130817
Nurse,McDonald's,London,Patient Care,51921
Software Engineer,BMW,Toronto,Python,122075
Welder,McDonald's,Tokyo,Arc Welding,26203
Receptionist,HSBC,Chicago,Front Desk,43200
Investment Banker,KPMG,Singapore,Valuation,128824
Compliance Officer,KPMG,Tokyo,Regulation,69363
Web Developer,Sony,London,JavaScript,65159
Compliance Officer,Meta,Tokyo,Regulation,116710
Compliance Officer,Infosys,Chicago,Regulation,100912
Pharmacist,McDonald's,Singapore,Pharmacology,66424
Operations Manager,BMW,Sydney,Process Optimization,91484
Farmer,Pfizer,Bangalore,Crop Management,47820
Welder,Google,Sydney,Arc Welding,40342
Welder,Microsoft,Singapore,Arc Welding,53139
Chef,Coca Cola,New York,Culinary Arts,44250
Operations Manager,McDonald's,Chicago,Process Optimization,102736
Construction Worker,Accenture,Dubai,Masonry,20237
Support Specialist,EY,Paris,Troubleshooting,65843
Plumber,Google,Tokyo,Pipe Fitting,62592
Accountant,HSBC,Bangalore,Bookkeeping,92473
Photographer,McDonald's,Tokyo,Photography,46157
Nurse,Coca Cola,Paris,Patient Care,80601
Nurse,Disney,Berlin,Patient Care,48783
Professor,Tesla,Sydney,Research,140129
Auditor,Coca Cola,New York,Compliance,65475
Mechanic,Apple,Chicago,Engine Repair,53304
Cloud Engineer,Apple,Dubai,AWS,151792
Accountant,JPMorgan,New York,Bookkeeping,42395
HR Manager,Wipro,Singapore,Recruitment,111756
Mechanic,Accenture,Toronto,Engine Repair,68476
Cashier,BMW,London,Billing,44689
Cloud Engineer,Wipro,Singapore,AWS,115421
Electrician,Amazon,Los Angeles,Wiring,55169
Tax Consultant,Wipro,San Francisco,Tax Filing,96035
Data Scientist,Tesla,London,Machine Learning,73210
Compliance Officer,Meta,Berlin,Regulation,105410
Teacher,Pfizer,Sydney,Classroom Management,55855
Legal Advisor,Accenture,San Francisco,Contract Drafting,127915
Tax Consultant,Accenture,Bangalore,Tax Filing,95290
Doctor,Tesla,Tokyo,Surgery,220958
Writer,KPMG,San Francisco,Creative Writing,47114
Auditor,HSBC,Tokyo,Compliance,114098
Receptionist,Meta,New York,Front Desk,47328
Tax Consultant,McDonald's,Dubai,Tax Filing,59585
Farmer,Sony,Sydney,Crop Management,47657
Graphic Designer,Coca Cola,Paris,Photoshop,56844
Doctor,Pfizer,Sydney,Surgery,148738
Data Scientist,Infosys,London,Machine Learning,136174
Legal Advisor,Tesla,Dubai,Contract Drafting,71847
Investment Banker,Sony,Tokyo,Valuation,150033
Lawyer,Google,Dubai,Litigation,129417
Marketing Manager,Pfizer,San Francisco,SEO,105988
Compliance Officer,BMW,Paris,Regulation,67820
Marketing Manager,Coca Cola,Dubai,SEO,122872
Doctor,EY,Tokyo,Surgery,264453
Librarian,Deloitte,London,Cataloguing,39030
Animator,EY,Singapore,3D Animation,104124
Sales Manager,Apple,Toronto,Negotiation,88394
Support Specialist,Pfizer,Tokyo,Troubleshooting,67539
Professor,Pfizer,Bangalore,Research,116617
Sales Manager,EY,New York,Negotiation,90014
Animator,Amazon,Toronto,3D Animation,90259
Mechanic,EY,London,Engine Repair,31900
Financial Analyst,Accenture,Bangalore,Excel Modeling,80267
Cloud Engineer,Sony,Los Angeles,AWS,166834
Tutor,HSBC,New York,Mentoring,43052
Professor,Apple,Berlin,Research,144745
Nurse,Infosys,Los Angeles,Patient Care,62764
Carpenter,Amazon,Paris,Woodworking,45418
Photographer,Disney,Sydney,Photography,74455
Support Specialist,Sony,Delhi,Troubleshooting,32142
Judge,HSBC,Bangalore,Judicial Review,221813
Cashier,Meta,Bangalore,Billing,21691
Operations Manager,McDonald's,Bangalore,Process Optimization,77555
Radiologist,Apple,Paris,Imaging,175772
Accountant,Disney,Bangalore,Bookkeeping,77253
Mechanic,Meta,Tokyo,Engine Repair,37656
Carpenter,JPMorgan,Tokyo,Woodworking,33796
Professor,JPMorgan,Toronto,Research,82575
Software Engineer,Apple,Toronto,Python,146812
Paralegal,Microsoft,Toronto,Legal Research,48646
Electrician,HSBC,New York,Wiring,74038
Doctor,Google,Toronto,Surgery,174484
Sales Manager,Amazon,Delhi,Negotiation,77062
Compliance Officer,Pfizer,Singapore,Regulation,113702
Welder,Pfizer,Singapore,Arc Welding,33558
Welder,Disney,Los Angeles,Arc Welding,35538
Librarian,JPMorgan,Dubai,Cataloguing,34159
Paralegal,Google,Dubai,Legal Research,54902
Auditor,Google,San Francisco,Compliance,104204
HR Manager,HSBC,San Francisco,Recruitment,103762
Radiologist,JPMorgan,Los Angeles,Imaging,163970
Researcher,KPMG,Berlin,Data Analysis,116944
Financial Analyst,HSBC,Paris,Excel Modeling,84224
Legal Advisor,EY,Toronto,Contract Drafting,62015
Software Engineer,Accenture,Tokyo,Python,102416
Data Scientist,McDonald's,Chicago,Machine Learning,90505
Project Manager,Microsoft,Sydney,Agile,93862
Investment Banker,Coca Cola,Los Angeles,Valuation,102574
Accountant,Wipro,Dubai,Bookkeeping,77491
Marketing Manager,KPMG,Los Angeles,SEO,122614
Chef,Sony,Los Angeles,Culinary Arts,71855
Investment Banker,Infosys,New York,Valuation,121553
Support Specialist,JPMorgan,Delhi,Troubleshooting,31648
Teacher,Google,Bangalore,Classroom Management,40467
Legal Advisor,JPMorgan,Sydney,Contract Drafting,144768
Graphic Designer,Tesla,Tokyo,Photoshop,67044
Paralegal,JPMorgan,Chicago,Legal Research,54156
Project Manager,BMW,Paris,Agile,106473
Project Manager,EY,Chicago,Agile,75847
Financial Analyst,Disney,Delhi,Excel Modeling,63424
Lawyer,Wipro,Bangalore,Litigation,72992
Waiter,BMW,Delhi,Hospitality,35983
Waiter,Disney,New York,Hospitality,37551
Animator,Sony,Toronto,3D Animation,90324
Judge,HSBC,Paris,Judicial Review,166652
Plumber,Amazon,Dubai,Pipe Fitting,71926
Tutor,Coca Cola,New York,Mentoring,36378
Video Editor,Meta,London,Premiere Pro,69503
Receptionist,EY,San Francisco,Front Desk,53783
Graphic Designer,Apple,Singapore,Photoshop,70926
Investment Banker,Deloitte,Sydney,Valuation,173086
Web Developer,Deloitte,New York,JavaScript,116157
Legal Advisor,Coca Cola,Delhi,Contract Drafting,91660
Sales Manager,Sony,San Francisco,Negotiation,115219
Carpenter,Disney,Toronto,Woodworking,66897
Psychologist,Accenture,London,Counseling,123547
Tutor,Accenture,New York,Mentoring,36625
Judge,Infosys,Delhi,Judicial Review,209855
Project Manager,Sony,Delhi,Agile,80030
Software Engineer,Infosys,London,Python,92345
Chef,Tesla,Tokyo,Culinary Arts,49453
Construction Worker,Sony,Berlin,Masonry,36561
Waiter,EY,New York,Hospitality,35377
Construction Worker,JPMorgan,Dubai,Masonry,35921
Software Engineer,Google,Tokyo,Python,69779
Tax Consultant,Coca Cola,San Francisco,Tax Filing,62401
Video Editor,Amazon,Toronto,Premiere Pro,99648
Farmer,Deloitte,Chicago,Crop Management,47712
Waiter,Sony,Dubai,Hospitality,39685
Video Editor,KPMG,Dubai,Premiere Pro,68359
Writer,Wipro,Tokyo,Creative Writing,40401
Cybersecurity Analyst,McDonald's,Tokyo,Network Security,114362
Doctor,JPMorgan,Dubai,Surgery,205842
Photographer,Google,San Francisco,Photography,75521
Pilot,KPMG,London,Navigation,194355
Tutor,Google,Berlin,Mentoring,36516
Cashier,Deloitte,Paris,Billing,26388
Researcher,Deloitte,Singapore,Data Analysis,113850
Psychologist,Microsoft,Singapore,Counseling,95281
Receptionist,Wipro,Paris,Front Desk,37636
Driver,Deloitte,Delhi,Driving,25340
Carpenter,Meta,Paris,Woodworking,53550
Support Specialist,KPMG,Sydney,Troubleshooting,44163
Financial Analyst,Disney,San Francisco,Excel Modeling,76659
Cloud Engineer,Apple,Delhi,AWS,165035
Pilot,Amazon,London,Navigation,166918
Marketing Manager,JPMorgan,Dubai,SEO,72983
Cloud Engineer,Accenture,Toronto,AWS,97548
Software Engineer,BMW,Tokyo,Python,111352
Lawyer,JPMorgan,Singapore,Litigation,118736
Psychologist,Wipro,Berlin,Counseling,105018
Farmer,Microsoft,New York,Crop Management,25136
Cloud Engineer,JPMorgan,Dubai,AWS,82527
Sales Manager,Wipro,Sydney,Negotiation,114532
Judge,JPMorgan,Paris,Judicial Review,162306
Marketing Manager,Google,Berlin,SEO,69002
Lawyer,Accenture,Chicago,Litigation,135433
Animator,Apple,Chicago,3D Animation,99405
Tax Consultant,Infosys,New York,Tax Filing,54735
Nurse,Coca Cola,Delhi,Patient Care,64101
Animator,McDonald's,Chicago,3D Animation,68708
Carpenter,KPMG,London,Woodworking,53899
Cybersecurity Analyst,Disney,Sydney,Network Security,118994
Writer,KPMG,Delhi,Creative Writing,79338
Support Specialist,JPMorgan,Berlin,Troubleshooting,38443
Photographer,HSBC,Sydney,Photography,88257
Professor,McDonald's,Los Angeles,Research,109365
Waiter,HSBC,Chicago,Hospitality,21393
Radiologist,Coca Cola,Los Angeles,Imaging,123366
Pilot,Apple,New York,Navigation,172420
Legal Advisor,Sony,London,Contract Drafting,87175
Data Scientist,Microsoft,Chicago,Machine Learning,105403
Pilot,Accenture,Dubai,Navigation,144830
Mechanic,Amazon,Chicago,Engine Repair,59174
Call Center Agent,Meta,Sydney,Customer Handling,24334
Operations Manager,BMW,Delhi,Process Optimization,104639
Doctor,McDonald's,London,Surgery,291540
Cybersecurity Analyst,EY,Delhi,Network Security,76920
Accountant,Tesla,San Francisco,Bookkeeping,93472
Graphic Designer,Microsoft,New York,Photoshop,55677
Cashier,Microsoft,Paris,Billing,34045
Lawyer,McDonald's,San Francisco,Litigation,177748
Legal Advisor,Tesla,Los Angeles,Contract Drafting,136781
Legal Advisor,Deloitte,Paris,Contract Drafting,101299
Electrician,Meta,Paris,Wiring,48345
Investment Banker,McDonald's,Bangalore,Valuation,119095
Cloud Engineer,Pfizer,Los Angeles,AWS,137720
Auditor,Meta,London,Compliance,68102
Radiologist,Infosys,London,Imaging,145260
Investment Banker,BMW,London,Valuation,114988
Mechanic,KPMG,New York,Engine Repair,54192
Call Center Agent,Tesla,Berlin,Customer Handling,42412
Construction Worker,BMW,Dubai,Masonry,54326
Paralegal,HSBC,Los Angeles,Legal Research,61368
Judge,BMW,San Francisco,Judicial Review,157829
Financial Analyst,Pfizer,Berlin,Excel Modeling,71998
Marketing Manager,Microsoft,Berlin,SEO,81324
Cloud Engineer,Wipro,Delhi,AWS,165168
Receptionist,Disney,Los Angeles,Front Desk,42265
Chef,EY,Berlin,Culinary Arts,67490
Auditor,JPMorgan,Delhi,Compliance,115098
Graphic Designer,JPMorgan,San Francisco,Photoshop,89496
Lawyer,EY,Tokyo,Litigation,119081
Pharmacist,Amazon,New York,Pharmacology,72130
Tax Consultant,EY,Toronto,Tax Filing,84946
Receptionist,Accenture,Paris,Front Desk,42499
Mechanic,Apple,Toronto,Engine Repair,53360
Data Scientist,Apple,Berlin,Machine Learning,90253
Photographer,Pfizer,London,Photography,39969
Welder,JPMorgan,Tokyo,Arc Welding,52601
Pilot,BMW,Bangalore,Navigation,209839
Doctor,Google,Berlin,Surgery,228990
Call Center Agent,Wipro,Toronto,Customer Handling,23401
Welder,Disney,Tokyo,Arc Welding,45162
Web Developer,HSBC,Bangalore,JavaScript,78005
Professor,JPMorgan,Sydney,Research,106218
Psychologist,EY,Chicago,Counseling,75561
Receptionist,Accenture,Chicago,Front Desk,37393
Judge,BMW,New York,Judicial Review,249372
Teacher,Wipro,Toronto,Classroom Management,64278
Receptionist,Deloitte,Chicago,Front Desk,39728
Call Center Agent,Deloitte,London,Customer Handling,40470
Electrician,EY,Los Angeles,Wiring,76647
Project Manager,Microsoft,New York,Agile,74482
Sales Manager,Wipro,Chicago,Negotiation,99243
Video Editor,Pfizer,Singapore,Premiere Pro,89142
Cloud Engineer,Apple,London,AWS,145196
Researcher,Deloitte,Toronto,Data Analysis,101460
Video Editor,Wipro,Singapore,Premiere Pro,90853
Receptionist,Deloitte,Singapore,Front Desk,55413
Tutor,JPMorgan,Toronto,Mentoring,56258
Accountant,Pfizer,New York,Bookkeeping,74575
Mechanic,Accenture,Bangalore,Engine Repair,46235
Photographer,BMW,London,Photography,39465
Professor,Coca Cola,New York,Research,72957
Nurse,Tesla,Tokyo,Patient Care,78294
Data Scientist,Pfizer,Tokyo,Machine Learning,82706
Construction Worker,McDonald's,Los Angeles,Masonry,53117
Photographer,EY,Los Angeles,Photography,81122
Project Manager,Infosys,Singapore,Agile,93992
Researcher,Amazon,Toronto,Data Analysis,117424
Doctor,BMW,Berlin,Surgery,232584
Call Center Agent,BMW,Toronto,Customer Handling,49984
Support Specialist,Microsoft,Paris,Troubleshooting,45347
Plumber,Disney,Berlin,Pipe Fitting,42753
Carpenter,Google,Los Angeles,Woodworking,44419
Farmer,EY,Toronto,Crop Management,35141
Radiologist,BMW,Delhi,Imaging,178069
Judge,Amazon,Berlin,Judicial Review,191756
Researcher,Accenture,San Francisco,Data Analysis,76487
Doctor,Infosys,Paris,Surgery,276019
Data Scientist,BMW,Chicago,Machine Learning,82433
Operations Manager,Deloitte,Dubai,Process Optimization,125646
Judge,Microsoft,Dubai,Judicial Review,230976
Psychologist,BMW,Delhi,Counseling,117256
Software Engineer,Tesla,Singapore,Python,123342
Photographer,Amazon,New York,Photography,50286
Lawyer,Wipro,Paris,Litigation,108981
Radiologist,Microsoft,Dubai,Imaging,228697
Receptionist,Sony,Bangalore,Front Desk,46433
Legal Advisor,Apple,Paris,Contract Drafting,118452
Paralegal,Deloitte,Delhi,Legal Research,58261
Sales Manager,Microsoft,New York,Negotiation,102762
Cloud Engineer,Amazon,New York,AWS,135911
Teacher,Disney,Sydney,Classroom Management,64404
Investment Banker,Infosys,Singapore,Valuation,141285
Psychologist,JPMorgan,Toronto,Counseling,91240
Librarian,KPMG,Tokyo,Cataloguing,37071
Waiter,Meta,Los Angeles,Hospitality,36786
Photographer,Coca Cola,Tokyo,Photography,50514
Chef,Wipro,Dubai,Culinary Arts,90291
Waiter,Meta,Toronto,Hospitality,22288
Legal Advisor,Sony,Toronto,Contract Drafting,137967
Cashier,Microsoft,Delhi,Billing,33493
Tutor,Google,Bangalore,Mentoring,56789
Receptionist,Wipro,London,Front Desk,39900
Photographer,Sony,Singapore,Photography,32290
Tax Consultant,Disney,Berlin,Tax Filing,91150
Software Engineer,Disney,Sydney,Python,94959
Support Specialist,Meta,Bangalore,Troubleshooting,39618
Pharmacist,Tesla,San Francisco,Pharmacology,110506
Investment Banker,Deloitte,Toronto,Valuation,177361
Welder,Pfizer,Sydney,Arc Welding,69639
Waiter,Wipro,Delhi,Hospitality,39553
Investment Banker,Meta,San Francisco,Valuation,115427
Welder,Google,Singapore,Arc Welding,39714
Writer,Microsoft,Singapore,Creative Writing,50431
Software Engineer,Sony,Dubai,Python,121895
Writer,Meta,Los Angeles,Creative Writing,55873
Video Editor,Apple,Toronto,Premiere Pro,74197
Plumber,Deloitte,Paris,Pipe Fitting,33958
Data Scientist,Wipro,Los Angeles,Machine Learning,117820
Legal Advisor,Accenture,Chicago,Contract Drafting,66653
Cloud Engineer,HSBC,Paris,AWS,117866
Welder,Disney,Sydney,Arc Welding,28788
Construction Worker,Accenture,Berlin,Masonry,51410
HR Manager,Google,Toronto,Recruitment,119903
Construction Worker,Accenture,Delhi,Masonry,35724
Plumber,Meta,Los Angeles,Pipe Fitting,58736
Radiologist,KPMG,Los Angeles,Imaging,192542
Compliance Officer,Apple,Dubai,Regulation,77270
Web Developer,KPMG,Toronto,JavaScript,71017
Librarian,Pfizer,Bangalore,Cataloguing,47435
Video Editor,Meta,Los Angeles,Premiere Pro,89263
Support Specialist,Deloitte,Toronto,Troubleshooting,47814
Doctor,Pfizer,Sydney,Surgery,115374
Receptionist,Sony,London,Front Desk,47759
Receptionist,Tesla,Chicago,Front Desk,52700
Sales Manager,Pfizer,Chicago,Negotiation,88798
Welder,Accenture,London,Arc Welding,61159
Marketing Manager,Apple,Tokyo,SEO,110945
Lawyer,Apple,Los Angeles,Litigation,95980
Writer,Amazon,London,Creative Writing,62584
Marketing Manager,Google,Dubai,SEO,88113
Marketing Manager,Infosys,Los Angeles,SEO,82586
Paralegal,Amazon,Paris,Legal Research,34999
Electrician,McDonald's,Sydney,Wiring,52535
Financial Analyst,Wipro,Sydney,Excel Modeling,55150
Professor,McDonald's,Paris,Research,114505
Writer,Sony,Los Angeles,Creative Writing,64703
Judge,Wipro,Tokyo,Judicial Review,155620
Paralegal,HSBC,Paris,Legal Research,55379
Librarian,Google,Toronto,Cataloguing,59012
Receptionist,Disney,Dubai,Front Desk,42241
Call Center Agent,Microsoft,Berlin,Customer Handling,32635
Cloud Engineer,Amazon,Dubai,AWS,161219
Pharmacist,EY,Paris,Pharmacology,52350
Project Manager,Disney,Singapore,Agile,114339
Driver,Pfizer,New York,Driving,41055
Paralegal,EY,Berlin,Legal Research,51904
Legal Advisor,JPMorgan,London,Contract Drafting,116612
Marketing Manager,KPMG,Chicago,SEO,82124
Marketing Manager,KPMG,Tokyo,SEO,100029
Cashier,Google,Dubai,Billing,24004
Carpenter,KPMG,Toronto,Woodworking,41242
Plumber,KPMG,Delhi,Pipe Fitting,69295
Compliance Officer,Tesla,London,Regulation,90909
Marketing Manager,Google,Delhi,SEO,118594
Chef,Deloitte,Sydney,Culinary Arts,86996
Farmer,Apple,Paris,Crop Management,26046
Plumber,Meta,Toronto,Pipe Fitting,62514
Call Center Agent,Pfizer,Dubai,Customer Handling,38943
Support Specialist,KPMG,Dubai,Troubleshooting,45387
Financial Analyst,Pfizer,Los Angeles,Excel Modeling,66140
Video Editor,Meta,Bangalore,Premiere Pro,84346
Paralegal,Sony,San Francisco,Legal Research,59208
Financial Analyst,McDonald's,Tokyo,Excel Modeling,89229
Sales Manager,Coca Cola,Berlin,Negotiation,72931
Radiologist,Amazon,San Francisco,Imaging,124199
Sales Manager,Coca Cola,Tokyo,Negotiation,79283
HR Manager,Wipro,Chicago,Recruitment,105829
Tax Consultant,KPMG,New York,Tax Filing,71734
Pilot,Google,Los Angeles,Navigation,155520
Chef,Wipro,San Francisco,Culinary Arts,96203
Plumber,Google,Berlin,Pipe Fitting,53433
Construction Worker,Microsoft,Singapore,Masonry,25740
Teacher,Amazon,Chicago,Classroom Management,65620
Teacher,Amazon,Sydney,Classroom Management,66363
Auditor,Meta,Sydney,Compliance,72677
Plumber,EY,Chicago,Pipe Fitting,79773
Data Scientist,Tesla,Toronto,Machine Learning,87608
Plumber,Microsoft,Los Angeles,Pipe Fitting,33514
Paralegal,BMW,Tokyo,Legal Research,41807
HR Manager,Deloitte,Chicago,Recruitment,81720
Photographer,McDonald's,Tokyo,Photography,75662
Waiter,Disney,Paris,Hospitality,24848
Plumber,BMW,Sydney,Pipe Fitting,41295
Support Specialist,Accenture,Singapore,Troubleshooting,67128
Project Manager,Meta,Paris,Agile,70317
Lawyer,Pfizer,Chicago,Litigation,106346
Financial Analyst,Microsoft,Berlin,Excel Modeling,53604
Lawyer,Infosys,Dubai,Litigation,131263
Carpenter,Tesla,Chicago,Woodworking,50227
Project Manager,Google,Sydney,Agile,115270
Pilot,Deloitte,Singapore,Navigation,128434
Waiter,Accenture,Paris,Hospitality,34601
Carpenter,BMW,Berlin,Woodworking,58267
Farmer,McDonald's,Paris,Crop Management,24557
Teacher,Coca Cola,Singapore,Classroom Management,62334
Lawyer,Tesla,Tokyo,Litigation,168547
Psychologist,Sony,Toronto,Counseling,68509
Psychologist,BMW,Paris,Counseling,62452
Receptionist,Accenture,Tokyo,Front Desk,50019
Tutor,Wipro,Singapore,Mentoring,41944
Software Engineer,Infosys,Dubai,Python,61237
Welder,Wipro,Singapore,Arc Welding,38475
Operations Manager,Pfizer,San Francisco,Process Optimization,77591
Doctor,Pfizer,Dubai,Surgery,266936
Tax Consultant,BMW,Toronto,Tax Filing,44895
Carpenter,Tesla,New York,Woodworking,44137
Cybersecurity Analyst,JPMorgan,Dubai,Network Security,95967
Sales Manager,HSBC,San Francisco,Negotiation,96648
Marketing Manager,Tesla,New York,SEO,98073
Teacher,Amazon,London,Classroom Management,71241
Paralegal,Coca Cola,Sydney,Legal Research,36350
Tax Consultant,Disney,Paris,Tax Filing,69014
Radiologist,Microsoft,Tokyo,Imaging,147207
Writer,BMW,Toronto,Creative Writing,54319
Teacher,HSBC,Dubai,Classroom Management,51906
Photographer,Tesla,Toronto,Photography,42560
Judge,Microsoft,Paris,Judicial Review,201754
Investment Banker,BMW,Los Angeles,Valuation,191123
Graphic Designer,Disney,New York,Photoshop,67464
Tutor,JPMorgan,Los Angeles,Mentoring,27963
Photographer,JPMorgan,Sydney,Photography,52106
Software Engineer,Accenture,Singapore,Python,124948
Software Engineer,JPMorgan,Chicago,Python,126719
Carpenter,Tesla,Toronto,Woodworking,62259
Plumber,JPMorgan,Bangalore,Pipe Fitting,65893
Plumber,Apple,London,Pipe Fitting,66691
Plumber,BMW,New York,Pipe Fitting,49098
Sales Manager,Wipro,New York,Negotiation,80074
Financial Analyst,McDonald's,Toronto,Excel Modeling,55797
Operations Manager,Tesla,Berlin,Process Optimization,109273
Driver,HSBC,Delhi,Driving,52969
Waiter,JPMorgan,Sydney,Hospitality,27507
Farmer,Meta,Bangalore,Crop Management,35000
Judge,McDonald's,Sydney,Judicial Review,181593
Photographer,Infosys,Sydney,Photography,63373
Project Manager,Accenture,Dubai,Agile,76507
Teacher,HSBC,Dubai,Classroom Management,74237
Call Center Agent,Accenture,Los Angeles,Customer Handling,26872
Plumber,McDonald's,Sydney,Pipe Fitting,50396
Electrician,Sony,New York,Wiring,31216
Call Center Agent,Sony,Paris,Customer Handling,23589
Mechanic,Infosys,Tokyo,Engine Repair,64351
Farmer,Microsoft,Paris,Crop Management,32070
Sales Manager,BMW,London,Negotiation,108756
Video Editor,Apple,Delhi,Premiere Pro,56334
Researcher,Sony,New York,Data Analysis,107210
Writer,Amazon,San Francisco,Creative Writing,46264
Graphic Designer,McDonald's,Tokyo,Photoshop,47396
Photographer,Deloitte,Dubai,Photography,84169
Sales Manager,EY,Berlin,Negotiation,78334
Nurse,Microsoft,Bangalore,Patient Care,68590
Marketing Manager,KPMG,Berlin,SEO,112366
Photographer,BMW,Chicago,Photography,50240
Call Center Agent,JPMorgan,Berlin,Customer Handling,26767
Lawyer,Amazon,Berlin,Litigation,112043
Software Engineer,Coca Cola,Singapore,Python,84182
Radiologist,BMW,Berlin,Imaging,227899
Compliance Officer,McDonald's,Singapore,Regulation,68515
Driver,Infosys,Berlin,Driving,42346
Farmer,Amazon,Sydney,Crop Management,47039
Web Developer,BMW,New York,JavaScript,118566
Marketing Manager,Infosys,Delhi,SEO,118546
Librarian,Pfizer,Chicago,Cataloguing,36093
Support Specialist,BMW,Tokyo,Troubleshooting,69208
Operations Manager,Infosys,Toronto,Process Optimization,85869
Plumber,Amazon,Tokyo,Pipe Fitting,65044
Legal Advisor,Google,Singapore,Contract Drafting,78261
Welder,Deloitte,San Francisco,Arc Welding,27303
Researcher,Tesla,Sydney,Data Analysis,86012
Teacher,McDonald's,Toronto,Classroom Management,45721
Compliance Officer,Amazon,Berlin,Regulation,86139
Web Developer,Microsoft,Tokyo,JavaScript,106545
Judge,Disney,Paris,Judicial Review,179702
Data Scientist,Wipro,Toronto,Machine Learning,157197
Carpenter,Disney,Los Angeles,Woodworking,30635
Nurse,Infosys,London,Patient Care,84106
Pharmacist,Apple,Chicago,Pharmacology,104356
Cloud Engineer,Sony,New York,AWS,89062
Accountant,Infosys,Delhi,Bookkeeping,82762
Cloud Engineer,McDonald's,Tokyo,AWS,161744
Farmer,Pfizer,London,Crop Management,39645
Writer,McDonald's,Los Angeles,Creative Writing,68112
Doctor,Meta,Singapore,Surgery,254449
Pilot,HSBC,Tokyo,Navigation,223809
Graphic Designer,HSBC,New York,Photoshop,63338
Paralegal,Infosys,Singapore,Legal Research,34051
Operations Manager,HSBC,Toronto,Process Optimization,72550
Operations Manager,Infosys,Singapore,Process Optimization,142506
Data Scientist,Microsoft,London,Machine Learning,85482
Pharmacist,Meta,Chicago,Pharmacology,106279
Welder,BMW,Sydney,Arc Welding,47942
Chef,Coca Cola,Paris,Culinary Arts,73589
Tax Consultant,KPMG,San Francisco,Tax Filing,54463
Project Manager,Google,Berlin,Agile,124705
Teacher,Wipro,London,Classroom Management,30008
Photographer,Apple,London,Photography,72542
Electrician,McDonald's,San Francisco,Wiring,32778
Librarian,Apple,London,Cataloguing,69801
Call Center Agent,Sony,London,Customer Handling,30408
Investment Banker,Coca Cola,Singapore,Valuation,179372
Carpenter,Amazon,Singapore,Woodworking,49709
Professor,EY,Sydney,Research,140077
Chef,Amazon,Singapore,Culinary Arts,54059
Animator,JPMorgan,Paris,3D Animation,76158
Legal Advisor,KPMG,Dubai,Contract Drafting,130211
Sales Manager,Apple,Sydney,Negotiation,124178
Operations Manager,Meta,Singapore,Process Optimization,95799
Cybersecurity Analyst,Pfizer,London,Network Security,136138
Judge,BMW,Bangalore,Judicial Review,214507
Cashier,JPMorgan,New York,Billing,38548
Farmer,Microsoft,Los Angeles,Crop Management,45555
Mechanic,EY,San Francisco,Engine Repair,65709
Lawyer,BMW,Tokyo,Litigation,133344
Lawyer,BMW,Chicago,Litigation,196053
Mechanic,McDonald's,San Francisco,Engine Repair,46783
Data Scientist,Pfizer,Bangalore,Machine Learning,108804
Photographer,Infosys,Paris,Photography,73465
Data Scientist,HSBC,Tokyo,Machine Learning,149453
Judge,Google,Toronto,Judicial Review,237155
Librarian,Disney,London,Cataloguing,31775
Pilot,Coca Cola,Dubai,Navigation,127276
Investment Banker,Microsoft,Singapore,Valuation,172286
Driver,Disney,Chicago,Driving,24559
Cashier,Coca Cola,Berlin,Billing,32324
Data Scientist,HSBC,Delhi,Machine Learning,128496
Project Manager,Pfizer,Delhi,Agile,120774
Farmer,Pfizer,Delhi,Crop Management,48590
Cloud Engineer,Tesla,Bangalore,AWS,153657
Researcher,Accenture,Bangalore,Data Analysis,85579
Pilot,KPMG,Paris,Navigation,145083
Chef,KPMG,San Francisco,Culinary Arts,82339
Doctor,Wipro,Bangalore,Surgery,168508
Nurse,McDonald's,London,Patient Care,52269
Data Scientist,Coca Cola,Tokyo,Machine Learning,138590
Radiologist,Disney,Bangalore,Imaging,120022
Receptionist,Infosys,Paris,Front Desk,41177
Support Specialist,Pfizer,Sydney,Troubleshooting,30622
Pilot,JPMorgan,Paris,Navigation,215614
Welder,Sony,Los Angeles,Arc Welding,27290
Call Center Agent,BMW,Los Angeles,Customer Handling,43642
Sales Manager,Tesla,Los Angeles,Negotiation,117836
Investment Banker,Deloitte,Los Angeles,Valuation,177483
Tax Consultant,Microsoft,Tokyo,Tax Filing,97441
Paralegal,HSBC,Sydney,Legal Research,57313
Librarian,Infosys,Delhi,Cataloguing,46027
Judge,BMW,Paris,Judicial Review,152779
Call Center Agent,Meta,Bangalore,Customer Handling,21038
Researcher,Amazon,Paris,Data Analysis,86929
Pharmacist,Sony,Los Angeles,Pharmacology,98735
Sales Manager,EY,San Francisco,Negotiation,76072
Writer,Tesla,San Francisco,Creative Writing,78926
Cloud Engineer,JPMorgan,Toronto,AWS,81949
Video Editor,Deloitte,Chicago,Premiere Pro,44475
Animator,KPMG,Dubai,3D Animation,71814
Call Center Agent,HSBC,London,Customer Handling,22946
Waiter,Accenture,Bangalore,Hospitality,23612
Pilot,Infosys,Dubai,Navigation,131533
Sales Manager,HSBC,Chicago,Negotiation,97417
Auditor,HSBC,San Francisco,Compliance,96578
Teacher,Disney,Los Angeles,Classroom Management,70920
Driver,Sony,Berlin,Driving,26413
Electrician,Accenture,Delhi,Wiring,49191
HR Manager,Amazon,Paris,Recruitment,76895
Tax Consultant,Disney,Singapore,Tax Filing,41777
Sales Manager,Wipro,Toronto,Negotiation,85462
Support Specialist,HSBC,Delhi,Troubleshooting,34727
Construction Worker,Microsoft,Dubai,Masonry,31624
Pilot,Tesla,New York,Navigation,176098
Electrician,Apple,Dubai,Wiring,63308
Teacher,Tesla,Dubai,Classroom Management,47608
Driver,BMW,Toronto,Driving,31853
Librarian,Meta,Sydney,Cataloguing,59442
Compliance Officer,BMW,Toronto,Regulation,90804
Researcher,HSBC,Sydney,Data Analysis,51350
Cybersecurity Analyst,JPMorgan,Chicago,Network Security,73901
Web Developer,Coca Cola,New York,JavaScript,59948
Teacher,Apple,Sydney,Classroom Management,64633
Carpenter,KPMG,San Francisco,Woodworking,45823
Photographer,Wipro,Delhi,Photography,53240
Cybersecurity Analyst,Coca Cola,Bangalore,Network Security,74266
Construction Worker,Disney,Toronto,Masonry,37989
Data Scientist,McDonald's,Berlin,Machine Learning,118927
Nurse,Accenture,Tokyo,Patient Care,60605
Radiologist,Deloitte,London,Imaging,185370
Plumber,Tesla,Dubai,Pipe Fitting,33014
Chef,Amazon,San Francisco,Culinary Arts,82479
Doctor,Coca Cola,London,Surgery,155349
Electrician,JPMorgan,Paris,Wiring,71183
Compliance Officer,Microsoft,Dubai,Regulation,88467
Operations Manager,Wipro,Sydney,Process Optimization,125158
Librarian,Pfizer,London,Cataloguing,36836
Receptionist,Infosys,Berlin,Front Desk,45336
Carpenter,BMW,Singapore,Woodworking,39624
Mechanic,Wipro,Dubai,Engine Repair,68731
Animator,Deloitte,Delhi,3D Animation,106363
Graphic Designer,HSBC,San Francisco,Photoshop,77182
Teacher,Infosys,Toronto,Classroom Management,68167
Accountant,JPMorgan,Berlin,Bookkeeping,55473
Plumber,Meta,Berlin,Pipe Fitting,62495
Web Developer,Google,Tokyo,JavaScript,117517
Welder,JPMorgan,Paris,Arc Welding,31343
Sales Manager,McDonald's,Berlin,Negotiation,92131
Video Editor,Deloitte,Tokyo,Premiere Pro,41930
Cashier,Apple,Chicago,Billing,41220
Waiter,McDonald's,Dubai,Hospitality,35964
Financial Analyst,Infosys,Dubai,Excel Modeling,107489
Doctor,Infosys,Paris,Surgery,154245
Cloud Engineer,Coca Cola,Los Angeles,AWS,145379
Web Developer,Amazon,Toronto,JavaScript,99717
Video Editor,Amazon,Chicago,Premiere Pro,64082
Librarian,Pfizer,Sydney,Cataloguing,30996
Software Engineer,Infosys,Paris,Python,76361
Construction Worker,Coca Cola,Delhi,Masonry,54161
Tax Consultant,BMW,Toronto,Tax Filing,67609
Web Developer,Deloitte,London,JavaScript,69037
Accountant,Infosys,Tokyo,Bookkeeping,48087
Librarian,Wipro,Bangalore,Cataloguing,51502
Waiter,Meta,London,Hospitality,37938
Cloud Engineer,Apple,Berlin,AWS,91416
Chef,Pfizer,Dubai,Culinary Arts,70537
Electrician,Infosys,Bangalore,Wiring,53424
Support Specialist,Amazon,New York,Troubleshooting,42871
Pilot,Tesla,Delhi,Navigation,172267
Sales Manager,Infosys,Singapore,Negotiation,75464
Receptionist,Apple,New York,Front Desk,42782
Nurse,Tesla,Berlin,Patient Care,73086
Receptionist,Tesla,Singapore,Front Desk,49818
Carpenter,Pfizer,Bangalore,Woodworking,45691
Investment Banker,Microsoft,Tokyo,Valuation,160874
Call Center Agent,Google,Singapore,Customer Handling,36724
Teacher,Accenture,Tokyo,Classroom Management,69493
Sales Manager,Accenture,Toronto,Negotiation,88578
Electrician,Apple,London,Wiring,68922
Receptionist,Accenture,New York,Front Desk,33758
Chef,Google,Bangalore,Culinary Arts,97358
Operations Manager,Apple,Tokyo,Process Optimization,72219
Sales Manager,Coca Cola,Toronto,Negotiation,137415
Animator,Tesla,Los Angeles,3D Animation,59020
Animator,Wipro,Bangalore,3D Animation,57945
Psychologist,Deloitte,Paris,Counseling,69875
Tutor,Tesla,Sydney,Mentoring,49039
Project Manager,KPMG,Toronto,Agile,112067
Mechanic,JPMorgan,New York,Engine Repair,53336
Call Center Agent,Coca Cola,Berlin,Customer Handling,46407
Cybersecurity Analyst,Microsoft,Delhi,Network Security,86938
Lawyer,EY,Bangalore,Litigation,141530
Operations Manager,HSBC,Delhi,Process Optimization,81719
Web Developer,EY,London,JavaScript,84809
Tax Consultant,Coca Cola,Dubai,Tax Filing,71676
Plumber,Tesla,San Francisco,Pipe Fitting,69984
Judge,Accenture,Tokyo,Judicial Review,234718
Waiter,Accenture,Singapore,Hospitality,21688
Plumber,Google,Bangalore,Pipe Fitting,30543
Auditor,Disney,Singapore,Compliance,116622
Paralegal,HSBC,New York,Legal Research,52071
Nurse,KPMG,Tokyo,Patient Care,44327
Photographer,JPMorgan,Paris,Photography,71353
Electrician,Meta,New York,Wiring,57137
Waiter,Tesla,Paris,Hospitality,33850
Farmer,Accenture,Sydney,Crop Management,44748
Graphic Designer,Sony,Chicago,Photoshop,56775
Researcher,Pfizer,Delhi,Data Analysis,56884
Tutor,Google,Singapore,Mentoring,55156
Pharmacist,Infosys,New York,Pharmacology,101550
Driver,Coca Cola,Delhi,Driving,57916
Psychologist,Amazon,San Francisco,Counseling,119276
Waiter,KPMG,Sydney,Hospitality,20377
Video Editor,Apple,London,Premiere Pro,52420
Call Center Agent,HSBC,New York,Customer Handling,33453
Pharmacist,KPMG,Chicago,Pharmacology,54773
Teacher,Google,Delhi,Classroom Management,41630
Welder,Deloitte,San Francisco,Arc Welding,26768
Tax Consultant,EY,San Francisco,Tax Filing,61192
Writer,Infosys,Paris,Creative Writing,54284
Auditor,BMW,Toronto,Compliance,115836
Cybersecurity Analyst,Coca Cola,San Francisco,Network Security,127908
Writer,Amazon,Chicago,Creative Writing,44105
Chef,EY,Delhi,Culinary Arts,74764
Data Scientist,Tesla,Paris,Machine Learning,97410
Legal Advisor,Meta,Chicago,Contract Drafting,74713
Mechanic,JPMorgan,London,Engine Repair,60950
Professor,Pfizer,Sydney,Research,62479
Writer,Deloitte,Paris,Creative Writing,79133
Project Manager,Microsoft,Singapore,Agile,105601
Carpenter,Apple,Bangalore,Woodworking,48941
Legal Advisor,Amazon,London,Contract Drafting,97848
Receptionist,HSBC,Bangalore,Front Desk,36597
Software Engineer,Amazon,Los Angeles,Python,92621
Tutor,Pfizer,Singapore,Mentoring,51215
Marketing Manager,Apple,Toronto,SEO,84712
Professor,Wipro,Dubai,Research,135862
Auditor,Disney,Toronto,Compliance,108326
Librarian,Disney,Singapore,Cataloguing,35084
Welder,BMW,Sydney,Arc Welding,63339
Animator,Sony,Toronto,3D Animation,63035
Animator,Coca Cola,San Francisco,3D Animation,58115
Cashier,Microsoft,London,Billing,26677
Psychologist,Deloitte,Paris,Counseling,64479
Carpenter,Microsoft,New York,Woodworking,29051
Cybersecurity Analyst,Wipro,Singapore,Network Security,122983
Judge,Apple,Los Angeles,Judicial Review,189267
Financial Analyst,Tesla,Paris,Excel Modeling,50601
Support Specialist,Deloitte,Los Angeles,Troubleshooting,69195
Cloud Engineer,Pfizer,Bangalore,AWS,111822
Web Developer,JPMorgan,Los Angeles,JavaScript,81854
Driver,Tesla,Paris,Driving,44678
Nurse,Google,Tokyo,Patient Care,81686
Software Engineer,Pfizer,Dubai,Python,78251
Auditor,Microsoft,Singapore,Compliance,108780
Auditor,EY,New York,Compliance,83494
Chef,KPMG,Los Angeles,Culinary Arts,48813
Cloud Engineer,Infosys,Bangalore,AWS,120372
Radiologist,Wipro,Toronto,Imaging,138944
Support Specialist,Microsoft,Los Angeles,Troubleshooting,49752
Pharmacist,Deloitte,Tokyo,Pharmacology,77236
Financial Analyst,Accenture,Singapore,Excel Modeling,97139
Investment Banker,Pfizer,Delhi,Valuation,153463
Driver,Accenture,Toronto,Driving,20300
Project Manager,Sony,Tokyo,Agile,126822
Support Specialist,KPMG,Tokyo,Troubleshooting,55233
Doctor,Accenture,Toronto,Surgery,125551
Driver,BMW,Dubai,Driving,20140
Mechanic,Microsoft,Los Angeles,Engine Repair,42572
Tutor,Disney,Dubai,Mentoring,30622
Plumber,Accenture,Paris,Pipe Fitting,44525
Tutor,JPMorgan,Tokyo,Mentoring,38542
Doctor,HSBC,Sydney,Surgery,196839
Data Scientist,Google,San Francisco,Machine Learning,92244
Operations Manager,Sony,Delhi,Process Optimization,82876
Operations Manager,Google,Chicago,Process Optimization,137849
Video Editor,Meta,London,Premiere Pro,47038
Receptionist,Amazon,Tokyo,Front Desk,55259
Operations Manager,Microsoft,Sydney,Process Optimization,99451
Tax Consultant,Wipro,New York,Tax Filing,93832
Compliance Officer,BMW,Toronto,Regulation,94488
Researcher,JPMorgan,Tokyo,Data Analysis,82975
Legal Advisor,Amazon,Tokyo,Contract Drafting,149061
Construction Worker,Accenture,Tokyo,Masonry,41627
Writer,BMW,Singapore,Creative Writing,33673
Paralegal,Coca Cola,Los Angeles,Legal Research,35571
Photographer,Accenture,Dubai,Photography,55969
Chef,Deloitte,Tokyo,Culinary Arts,49371
Researcher,Microsoft,Sydney,Data Analysis,84728
Auditor,Deloitte,Delhi,Compliance,59218
HR Manager,BMW,Chicago,Recruitment,86993
Paralegal,Disney,Los Angeles,Legal Research,50145
Waiter,Meta,Toronto,Hospitality,30912
Lawyer,Amazon,San Francisco,Litigation,182395
HR Manager,Amazon,Singapore,Recruitment,67994
Call Center Agent,BMW,Paris,Customer Handling,42313
Web Developer,Sony,Paris,JavaScript,69110
Driver,Amazon,Toronto,Driving,42025
Psychologist,Sony,Bangalore,Counseling,83334
Web Developer,Amazon,San Francisco,JavaScript,96120
Professor,EY,Chicago,Research,93992
Data Scientist,BMW,Toronto,Machine Learning,128236
Farmer,Apple,Toronto,Crop Management,15399
Waiter,Deloitte,San Francisco,Hospitality,27077
Tutor,Google,Toronto,Mentoring,24921
Sales Manager,EY,Singapore,Negotiation,117112
Accountant,Disney,Dubai,Bookkeeping,77481
Doctor,Wipro,Bangalore,Surgery,232336
Welder,Microsoft,Delhi,Arc Welding,51423
Support Specialist,Tesla,London,Troubleshooting,31122
Driver,HSBC,Dubai,Driving,50287
Video Editor,JPMorgan,Berlin,Premiere Pro,64989
Pilot,Wipro,Sydney,Navigation,199909
Financial Analyst,Pfizer,Singapore,Excel Modeling,65396
Investment Banker,JPMorgan,Berlin,Valuation,118255
Video Editor,BMW,Chicago,Premiere Pro,51294
Doctor,Google,Berlin,Surgery,226964
Cybersecurity Analyst,Pfizer,San Francisco,Network Security,87433
Cashier,Meta,Delhi,Billing,47020
Judge,Meta,Sydney,Judicial Review,191368
Sales Manager,Apple,Toronto,Negotiation,126699
Doctor,JPMorgan,Sydney,Surgery,217966
Cashier,Tesla,Bangalore,Billing,41499
Mechanic,Coca Cola,San Francisco,Engine Repair,41936
Librarian,Pfizer,New York,Cataloguing,45784
Researcher,Disney,Sydney,Data Analysis,92938
Video Editor,Google,Singapore,Premiere Pro,64686
Legal Advisor,Accenture,New York,Contract Drafting,68595
Radiologist,JPMorgan,Delhi,Imaging,146896
Professor,BMW,Berlin,Research,71688
Compliance Officer,Apple,Sydney,Regulation,105534
Software Engineer,Disney,New York,Python,88870
Farmer,Disney,Sydney,Crop Management,49429
Receptionist,Tesla,New York,Front Desk,26386
Lawyer,Meta,London,Litigation,153177
Professor,Pfizer,Bangalore,Research,76034
Data Scientist,Tesla,Dubai,Machine Learning,81973
Marketing Manager,Tesla,Sydney,SEO,81077
Chef,Sony,Paris,Culinary Arts,88658
Compliance Officer,Tesla,Tokyo,Regulation,68239
Nurse,Apple,Dubai,Patient Care,63177
Doctor,Accenture,Bangalore,Surgery,106023
Paralegal,Sony,Tokyo,Legal Research,64031
Paralegal,Deloitte,Sydney,Legal Research,47652
Electrician,Amazon,San Francisco,Wiring,62162
Researcher,McDonald's,Chicago,Data Analysis,64908
Pilot,JPMorgan,London,Navigation,165912
Teacher,HSBC,Paris,Classroom Management,37900
Judge,Disney,Toronto,Judicial Review,165353
Waiter,Tesla,Bangalore,Hospitality,33715
Paralegal,Meta,Delhi,Legal Research,52739
Marketing Manager,BMW,Tokyo,SEO,114567
HR Manager,Infosys,Paris,Recruitment,84134
Sales Manager,BMW,Singapore,Negotiation,72513
Researcher,Disney,Los Angeles,Data Analysis,117313
Software Engineer,Infosys,Bangalore,Python,68190
Plumber,Wipro,Berlin,Pipe Fitting,49350
Farmer,Infosys,Sydney,Crop Management,28986
Call Center Agent,Pfizer,London,Customer Handling,30696
Researcher,JPMorgan,Singapore,Data Analysis,62616
Construction Worker,Disney,Dubai,Masonry,41718
Tax Consultant,Apple,Singapore,Tax Filing,84188
Farmer,Accenture,Tokyo,Crop Management,38377
Cybersecurity Analyst,EY,Dubai,Network Security,110989
Librarian,Infosys,Paris,Cataloguing,55285
Tutor,KPMG,Sydney,Mentoring,20878
Software Engineer,Pfizer,Bangalore,Python,144697
Researcher,Disney,Berlin,Data Analysis,85994
Professor,McDonald's,Berlin,Research,108015
Financial Analyst,HSBC,Dubai,Excel Modeling,100754
Librarian,Coca Cola,Toronto,Cataloguing,47638
Web Developer,Amazon,Bangalore,JavaScript,65619
Animator,Disney,Berlin,3D Animation,53536
Carpenter,Accenture,New York,Woodworking,34495
Electrician,Coca Cola,Sydney,Wiring,67026
Farmer,Tesla,New York,Crop Management,40146
Driver,Amazon,Tokyo,Driving,32444
Accountant,KPMG,Chicago,Bookkeeping,82537
Construction Worker,McDonald's,Berlin,Masonry,58647
Animator,Meta,San Francisco,3D Animation,50113
Tax Consultant,Coca Cola,Toronto,Tax Filing,74831
Judge,Sony,Paris,Judicial Review,200373
Support Specialist,Google,Sydney,Troubleshooting,49547
Operations Manager,Microsoft,San Francisco,Process Optimization,88367
Graphic Designer,Apple,Delhi,Photoshop,49926
Photographer,Google,Dubai,Photography,82952
Construction Worker,Disney,Berlin,Masonry,42106
Lawyer,Amazon,Toronto,Litigation,90155
Call Center Agent,KPMG,San Francisco,Customer Handling,40662
Waiter,Deloitte,Paris,Hospitality,25197
Mechanic,Disney,Tokyo,Engine Repair,63536
Operations Manager,Accenture,Sydney,Process Optimization,125022
Construction Worker,Meta,Bangalore,Masonry,41149
Web Developer,Google,Los Angeles,JavaScript,91619
Construction Worker,Amazon,Paris,Masonry,31746
Photographer,Google,New York,Photography,49001
HR Manager,Microsoft,Chicago,Recruitment,113109
Accountant,McDonald's,Paris,Bookkeeping,76392
Sales Manager,EY,London,Negotiation,121329
Compliance Officer,Infosys,Chicago,Regulation,110011
Animator,Tesla,Los Angeles,3D Animation,98744
Researcher,Pfizer,Dubai,Data Analysis,99408
Plumber,Sony,Toronto,Pipe Fitting,50172
Farmer,Sony,Los Angeles,Crop Management,46432
Receptionist,Disney,Toronto,Front Desk,35398
Software Engineer,Coca Cola,San Francisco,Python,84577
Software Engineer,Sony,San Francisco,Python,95107
Sales Manager,JPMorgan,Berlin,Negotiation,131252
Lawyer,KPMG,London,Litigation,71708
Librarian,Google,New York,Cataloguing,63906
Electrician,Sony,Dubai,Wiring,62652
Project Manager,JPMorgan,Tokyo,Agile,104222
Accountant,Deloitte,Bangalore,Bookkeeping,48991
Pilot,Accenture,Chicago,Navigation,122734
Graphic Designer,Microsoft,Paris,Photoshop,87936
Cloud Engineer,Tesla,Sydney,AWS,116066
Librarian,Apple,San Francisco,Cataloguing,69334
Photographer,Deloitte,New York,Photography,34439
Welder,Microsoft,Singapore,Arc Welding,57160
Call Center Agent,Sony,Delhi,Customer Handling,25436
Farmer,Deloitte,Los Angeles,Crop Management,26347
Cloud Engineer,BMW,Berlin,AWS,164278
Compliance Officer,JPMorgan,Dubai,Regulation,77828
Financial Analyst,HSBC,Bangalore,Excel Modeling,94146
HR Manager,EY,Dubai,Recruitment,66221
Welder,Accenture,Los Angeles,Arc Welding,64954
Construction Worker,BMW,Singapore,Masonry,43626
Cloud Engineer,Meta,London,AWS,169946
Doctor,Microsoft,Tokyo,Surgery,227332
Librarian,Infosys,Chicago,Cataloguing,42467
Investment Banker,Disney,Tokyo,Valuation,127009
Operations Manager,KPMG,Tokyo,Process Optimization,95872
Legal Advisor,Coca Cola,New York,Contract Drafting,84455
Legal Advisor,Wipro,Delhi,Contract Drafting,117963
Auditor,Infosys,Paris,Compliance,107598
Cloud Engineer,BMW,Tokyo,AWS,81902
Librarian,Wipro,Delhi,Cataloguing,50889
Call Center Agent,McDonald's,Delhi,Customer Handling,46745
Sales Manager,Accenture,Toronto,Negotiation,102924
Lawyer,BMW,Bangalore,Litigation,167008
Waiter,Amazon,New York,Hospitality,22102
Construction Worker,Pfizer,Toronto,Masonry,54736
Call Center Agent,JPMorgan,Paris,Customer Handling,29396
Cybersecurity Analyst,HSBC,Delhi,Network Security,135591
Carpenter,Sony,Sydney,Woodworking,25111
HR Manager,Sony,Los Angeles,Recruitment,103790
Researcher,Wipro,Los Angeles,Data Analysis,74565
Financial Analyst,KPMG,Tokyo,Excel Modeling,72913
Tax Consultant,HSBC,Chicago,Tax Filing,60508
Carpenter,Deloitte,Delhi,Woodworking,64254
Investment Banker,Deloitte,New York,Valuation,158490
Carpenter,HSBC,Berlin,Woodworking,28920
Legal Advisor,KPMG,Bangalore,Contract Drafting,99791
Call Center Agent,Amazon,Delhi,Customer Handling,45996
Financial Analyst,Amazon,Singapore,Excel Modeling,83824
Researcher,Disney,Bangalore,Data Analysis,106032
Financial Analyst,McDonald's,Sydney,Excel Modeling,71472
Mechanic,Microsoft,Delhi,Engine Repair,63898
Operations Manager,KPMG,Dubai,Process Optimization,116511
Tax Consultant,Disney,Chicago,Tax Filing,74118
Web Developer,McDonald's,Paris,JavaScript,70218
Doctor,Accenture,Chicago,Surgery,283332
Psychologist,Infosys,Sydney,Counseling,120356
Compliance Officer,Tesla,San Francisco,Regulation,116867
Receptionist,EY,Toronto,Front Desk,43028
Carpenter,Meta,Los Angeles,Woodworking,27065
Electrician,Google,Singapore,Wiring,56291
Professor,JPMorgan,Sydney,Research,86506
Professor,EY,Dubai,Research,124553
Researcher,Accenture,Sydney,Data Analysis,51268
Nurse,Apple,Chicago,Patient Care,62698
Waiter,KPMG,Tokyo,Hospitality,34213
Receptionist,Deloitte,Chicago,Front Desk,32892
Nurse,Wipro,San Francisco,Patient Care,72206
Operations Manager,JPMorgan,Sydney,Process Optimization,86624
Mechanic,Tesla,Singapore,Engine Repair,53562
Electrician,Accenture,Chicago,Wiring,56980
Accountant,Accenture,Tokyo,Bookkeeping,47233
Receptionist,JPMorgan,Berlin,Front Desk,49657
Paralegal,Microsoft,Singapore,Legal Research,33380
Photographer,Disney,London,Photography,87973
Electrician,Google,Chicago,Wiring,31627
Judge,KPMG,Chicago,Judicial Review,171126
Teacher,Microsoft,Sydney,Classroom Management,58289
Software Engineer,Accenture,New York,Python,69714
Lawyer,Pfizer,Chicago,Litigation,71292
Financial Analyst,Accenture,Bangalore,Excel Modeling,76984
Professor,Coca Cola,Toronto,Research,101195
Cloud Engineer,Sony,Tokyo,AWS,141774
Waiter,Wipro,Bangalore,Hospitality,25479
Farmer,HSBC,Chicago,Crop Management,15977
Welder,Coca Cola,Los Angeles,Arc Welding,36842
Tax Consultant,Infosys,Sydney,Tax Filing,80329
Cloud Engineer,BMW,Bangalore,AWS,82948
Photographer,Sony,Chicago,Photography,59227
Graphic Designer,Tesla,New York,Photoshop,55506
Investment Banker,Wipro,Dubai,Valuation,122909
Receptionist,Google,Bangalore,Front Desk,31656
Tutor,Disney,New York,Mentoring,36049
Financial Analyst,KPMG,Chicago,Excel Modeling,87964
Financial Analyst,HSBC,London,Excel Modeling,100202
Financial Analyst,Google,London,Excel Modeling,99858
Waiter,EY,Toronto,Hospitality,36371
Photographer,Infosys,Berlin,Photography,30479
Driver,Deloitte,Toronto,Driving,27729
Web Developer,JPMorgan,Bangalore,JavaScript,100284
Legal Advisor,HSBC,Chicago,Contract Drafting,85076
Legal Advisor,Coca Cola,Los Angeles,Contract Drafting,99588
Project Manager,KPMG,London,Agile,130514
Writer,Deloitte,Berlin,Creative Writing,34659
Photographer,Tesla,New York,Photography,67120
Paralegal,Coca Cola,San Francisco,Legal Research,36700
Animator,JPMorgan,Delhi,3D Animation,55050
Pilot,Pfizer,Delhi,Navigation,236394
Professor,JPMorgan,Delhi,Research,86390
Lawyer,Coca Cola,New York,Litigation,156226
Teacher,JPMorgan,Los Angeles,Classroom Management,51887
Teacher,Tesla,Delhi,Classroom Management,42701
Tutor,Disney,Sydney,Mentoring,59351
Receptionist,Tesla,Sydney,Front Desk,48889
Professor,Google,Toronto,Research,67690
Nurse,Accenture,London,Patient Care,56613
Legal Advisor,KPMG,New York,Contract Drafting,64370
Data Scientist,Deloitte,Chicago,Machine Learning,134431
Web Developer,Google,Berlin,JavaScript,114223
Judge,Tesla,Paris,Judicial Review,243754
Sales Manager,Sony,Chicago,Negotiation,107364
Chef,Tesla,Chicago,Culinary Arts,78642
Support Specialist,Apple,Delhi,Troubleshooting,36256
Writer,Pfizer,Chicago,Creative Writing,75121
Tax Consultant,Apple,Sydney,Tax Filing,48727
Sales Manager,Tesla,Los Angeles,Negotiation,97030
Mechanic,Coca Cola,Sydney,Engine Repair,41916
Professor,Meta,Singapore,Research,92301
Tutor,Disney,Tokyo,Mentoring,29925
Pharmacist,Pfizer,Paris,Pharmacology,80474
Driver,Wipro,Paris,Driving,27187
Pharmacist,Disney,Bangalore,Pharmacology,75548
Marketing Manager,KPMG,Paris,SEO,124821
Nurse,Disney,New York,Patient Care,45505
Legal Advisor,Meta,Paris,Contract Drafting,91118
Investment Banker,Coca Cola,Dubai,Valuation,132492
Paralegal,Tesla,Tokyo,Legal Research,40606
Animator,Coca Cola,Bangalore,3D Animation,106166
Librarian,McDonald's,Singapore,Cataloguing,38725
Radiologist,Infosys,Bangalore,Imaging,218389
Animator,Tesla,Dubai,3D Animation,93553
Cloud Engineer,Tesla,Sydney,AWS,119561
Judge,BMW,Los Angeles,Judicial Review,220028
Tutor,Google,Berlin,Mentoring,35283
Teacher,Infosys,Paris,Classroom Management,50660
Auditor,Accenture,Sydney,Compliance,110457
Chef,Apple,Berlin,Culinary Arts,73787
Plumber,Deloitte,Delhi,Pipe Fitting,44251
Tutor,BMW,Bangalore,Mentoring,30341
Cloud Engineer,BMW,Dubai,AWS,121690
Nurse,Microsoft,Delhi,Patient Care,72466
Judge,Disney,Dubai,Judicial Review,201457
Nurse,JPMorgan,London,Patient Care,73672
Pilot,Deloitte,Paris,Navigation,228957
Cybersecurity Analyst,Tesla,Paris,Network Security,119751
Investment Banker,Pfizer,Chicago,Valuation,120820
Researcher,Google,New York,Data Analysis,76728
Construction Worker,Apple,Sydney,Masonry,43945
Software Engineer,Microsoft,Paris,Python,100034
Plumber,Google,Chicago,Pipe Fitting,55848
Web Developer,Google,Bangalore,JavaScript,89228
Waiter,EY,Bangalore,Hospitality,37702
Accountant,Deloitte,London,Bookkeeping,89608
Lawyer,HSBC,Toronto,Litigation,112490
Mechanic,Google,Delhi,Engine Repair,68991
Accountant,Disney,Dubai,Bookkeeping,94515
Financial Analyst,Accenture,London,Excel Modeling,85655
Judge,Meta,Delhi,Judicial Review,155875
Electrician,Infosys,Toronto,Wiring,37439
Accountant,Accenture,Paris,Bookkeeping,67658
Call Center Agent,KPMG,Berlin,Customer Handling,39395
Judge,Infosys,New York,Judicial Review,159128
Doctor,Pfizer,Singapore,Surgery,187776
Graphic Designer,Apple,San Francisco,Photoshop,88805
Receptionist,McDonald's,Tokyo,Front Desk,36020
Librarian,Accenture,Toronto,Cataloguing,69522
Writer,Meta,Tokyo,Creative Writing,36063
Driver,Infosys,Chicago,Driving,27864
Support Specialist,Wipro,Tokyo,Troubleshooting,59584
Doctor,KPMG,Paris,Surgery,137226
HR Manager,Wipro,London,Recruitment,79580
Writer,EY,Sydney,Creative Writing,47651
Plumber,Sony,Bangalore,Pipe Fitting,54644
Tutor,Tesla,London,Mentoring,25348
Call Center Agent,Deloitte,London,Customer Handling,45224
Nurse,Deloitte,London,Patient Care,82591
Writer,McDonald's,Delhi,Creative Writing,72306
Nurse,JPMorgan,Delhi,Patient Care,59433
Receptionist,JPMorgan,Bangalore,Front Desk,25923
Judge,Coca Cola,London,Judicial Review,165092
Tax Consultant,Apple,Dubai,Tax Filing,70610
Nurse,McDonald's,Singapore,Patient Care,75148
Sales Manager,Wipro,Paris,Negotiation,66554
Software Engineer,EY,Paris,Python,70469
Teacher,Apple,Toronto,Classroom Management,32883
Sales Manager,KPMG,Chicago,Negotiation,111536
Researcher,HSBC,Toronto,Data Analysis,50132
Data Scientist,KPMG,Los Angeles,Machine Learning,84551
Investment Banker,Wipro,New York,Valuation,116849
Investment Banker,Tesla,Delhi,Valuation,166539
HR Manager,Deloitte,Tokyo,Recruitment,92825
Pharmacist,Sony,New York,Pharmacology,57364
Accountant,Tesla,Paris,Bookkeeping,52963
Nurse,Tesla,Delhi,Patient Care,69385
Photographer,BMW,Chicago,Photography,30740
Photographer,EY,Delhi,Photography,50494
Carpenter,Tesla,London,Woodworking,52804
Tutor,BMW,Singapore,Mentoring,57326
Software Engineer,Accenture,Los Angeles,Python,116468
Investment Banker,Microsoft,Sydney,Valuation,167870
Sales Manager,KPMG,Tokyo,Negotiation,66119
Researcher,Pfizer,Tokyo,Data Analysis,100207
Librarian,Wipro,Dubai,Cataloguing,57769
Accountant,HSBC,San Francisco,Bookkeeping,69933
Paralegal,Microsoft,Toronto,Legal Research,45155
Welder,Apple,Singapore,Arc Welding,41835
Teacher,Google,Toronto,Classroom Management,69046
Lawyer,Infosys,San Francisco,Litigation,127673
Welder,Accenture,Los Angeles,Arc Welding,25283
Construction Worker,Wipro,Tokyo,Masonry,53615
Pilot,Amazon,Los Angeles,Navigation,141566
Data Scientist,Coca Cola,Dubai,Machine Learning,98483
Welder,HSBC,London,Arc Welding,33978
Software Engineer,Apple,London,Python,84829
Chef,BMW,Singapore,Culinary Arts,45128
Pilot,Google,Paris,Navigation,160511
Project Manager,Microsoft,San Francisco,Agile,112140
Tutor,Pfizer,London,Mentoring,29954
Paralegal,KPMG,Singapore,Legal Research,52088
Chef,BMW,Tokyo,Culinary Arts,87587
Researcher,KPMG,London,Data Analysis,80958
Construction Worker,McDonald's,Dubai,Masonry,20280
Project Manager,Wipro,London,Agile,86173
Mechanic,Infosys,Dubai,Engine Repair,65648
Tutor,Google,Sydney,Mentoring,39052
Web Developer,Tesla,Chicago,JavaScript,76117
Doctor,Disney,Delhi,Surgery,221213
Receptionist,Accenture,Sydney,Front Desk,52750
Legal Advisor,Tesla,Los Angeles,Contract Drafting,107594
Farmer,Apple,Chicago,Crop Management,48278
Radiologist,Sony,Paris,Imaging,142308
Farmer,Sony,San Francisco,Crop Management,19786
Cloud Engineer,EY,San Francisco,AWS,154701
Researcher,JPMorgan,Toronto,Data Analysis,67791
Legal Advisor,KPMG,Tokyo,Contract Drafting,149517
Operations Manager,Disney,Los Angeles,Process Optimization,106582
Welder,JPMorgan,Paris,Arc Welding,63511
Cashier,Coca Cola,San Francisco,Billing,30495
Farmer,Accenture,Toronto,Crop Management,25439
Photographer,Disney,Chicago,Photography,30735
Radiologist,HSBC,Tokyo,Imaging,231816
Marketing Manager,EY,Dubai,SEO,77043
Writer,Infosys,Paris,Creative Writing,62741
Sales Manager,Coca Cola,Paris,Negotiation,85006
Investment Banker,HSBC,Berlin,Valuation,163728
Researcher,JPMorgan,Toronto,Data Analysis,79506
Pharmacist,Disney,Paris,Pharmacology,69653
Pharmacist,Sony,Singapore,Pharmacology,74101
Paralegal,BMW,Berlin,Legal Research,53515
Accountant,Infosys,New York,Bookkeeping,47394
Chef,Disney,Los Angeles,Culinary Arts,92168
Auditor,Accenture,Dubai,Compliance,92262
Financial Analyst,EY,Berlin,Excel Modeling,104875
Accountant,Google,Singapore,Bookkeeping,98600
Nurse,BMW,Tokyo,Patient Care,80116
Graphic Designer,Google,Paris,Photoshop,69935
Project Manager,Amazon,San Francisco,Agile,111562
Chef,Google,Berlin,Culinary Arts,81920
Librarian,EY,Delhi,Cataloguing,30624
Electrician,Apple,Toronto,Wiring,40996
Legal Advisor,Wipro,Berlin,Contract Drafting,114929
Video Editor,JPMorgan,Delhi,Premiere Pro,58291
Waiter,KPMG,Berlin,Hospitality,37492
Project Manager,McDonald's,Chicago,Agile,129280
Lawyer,Disney,San Francisco,Litigation,116861
Call Center Agent,Meta,Paris,Customer Handling,28614
Mechanic,Meta,Singapore,Engine Repair,43829
Tutor,Microsoft,Toronto,Mentoring,55270
Accountant,Microsoft,Los Angeles,Bookkeeping,57994
Operations Manager,Meta,Delhi,Process Optimization,78940
Cloud Engineer,BMW,Singapore,AWS,132196
Driver,EY,Chicago,Driving,34267
Auditor,Apple,Dubai,Compliance,103041
Web Developer,Pfizer,San Francisco,JavaScript,106734
Operations Manager,HSBC,Chicago,Process Optimization,74327
Legal Advisor,Pfizer,Berlin,Contract Drafting,146803
Driver,Microsoft,San Francisco,Driving,23451
Teacher,Pfizer,Berlin,Classroom Management,52760
Pilot,Disney,Dubai,Navigation,190111
Graphic Designer,KPMG,Dubai,Photoshop,52684
Paralegal,Pfizer,New York,Legal Research,42719
Compliance Officer,Google,Sydney,Regulation,105691
Sales Manager,Pfizer,Chicago,Negotiation,127399
Lawyer,HSBC,Los Angeles,Litigation,94406
Support Specialist,Apple,Sydney,Troubleshooting,48161
Call Center Agent,Tesla,Paris,Customer Handling,46173
Legal Advisor,McDonald's,Chicago,Contract Drafting,130309
Teacher,Wipro,Dubai,Classroom Management,43361
Lawyer,BMW,Singapore,Litigation,169902
Pilot,Google,New York,Navigation,132653
Pharmacist,JPMorgan,Berlin,Pharmacology,67684
Psychologist,Meta,Tokyo,Counseling,81065
Electrician,Deloitte,Sydney,Wiring,52602
Pilot,Pfizer,Delhi,Navigation,133557
Carpenter,JPMorgan,New York,Woodworking,60164
Investment Banker,Coca Cola,Dubai,Valuation,177763
Writer,Tesla,Sydney,Creative Writing,75358
Animator,Sony,Toronto,3D Animation,105100
Psychologist,Amazon,Los Angeles,Counseling,96208
Financial Analyst,Deloitte,Sydney,Excel Modeling,92376
Pharmacist,Pfizer,New York,Pharmacology,90490
Nurse,Amazon,Berlin,Patient Care,47734
Project Manager,Google,Delhi,Agile,89410
Operations Manager,Microsoft,Toronto,Process Optimization,90189
Waiter,Microsoft,Bangalore,Hospitality,33840
Doctor,EY,New York,Surgery,148981
Web Developer,Meta,Toronto,JavaScript,113378
Web Developer,Disney,Chicago,JavaScript,67186
Doctor,Tesla,Tokyo,Surgery,159155
Call Center Agent,Amazon,Los Angeles,Customer Handling,48519
Pharmacist,Tesla,Singapore,Pharmacology,102318
Doctor,KPMG,Sydney,Surgery,273721
Receptionist,Wipro,London,Front Desk,58868
Receptionist,Meta,London,Front Desk,25896
Call Center Agent,Wipro,Chicago,Customer Handling,48121
Receptionist,Amazon,Paris,Front Desk,28874
Video Editor,Meta,Los Angeles,Premiere Pro,71473
Animator,Disney,London,3D Animation,86551
Web Developer,Coca Cola,San Francisco,JavaScript,87889
Waiter,Google,Los Angeles,Hospitality,28709
Mechanic,KPMG,Bangalore,Engine Repair,40701
Librarian,BMW,New York,Cataloguing,60910
Pilot,Sony,Bangalore,Navigation,183157
Cloud Engineer,Infosys,Paris,AWS,107957
Nurse,Google,Delhi,Patient Care,45512
Carpenter,KPMG,Los Angeles,Woodworking,30409
Welder,HSBC,Dubai,Arc Welding,27852
Mechanic,Amazon,Sydney,Engine Repair,35890
Paralegal,EY,Singapore,Legal Research,31363
Call Center Agent,Sony,Los Angeles,Customer Handling,42360
Accountant,Wipro,Singapore,Bookkeeping,93874
Tax Consultant,Accenture,San Francisco,Tax Filing,46947
Compliance Officer,Google,Dubai,Regulation,118026
Psychologist,Tesla,London,Counseling,68605
Teacher,BMW,Los Angeles,Classroom Management,43225
Professor,HSBC,Dubai,Research,76716
Video Editor,Deloitte,Chicago,Premiere Pro,87917
Writer,McDonald's,New York,Creative Writing,67209
Doctor,Meta,Bangalore,Surgery,249711
Legal Advisor,Sony,Berlin,Contract Drafting,140079
Psychologist,Deloitte,Sydney,Counseling,104110
Doctor,Google,San Francisco,Surgery,216894
Receptionist,Pfizer,Dubai,Front Desk,53158
Professor,Apple,Bangalore,Research,91994
Teacher,Google,Delhi,Classroom Management,79436
Legal Advisor,Wipro,Berlin,Contract Drafting,137480
Librarian,McDonald's,Los Angeles,Cataloguing,65112
Psychologist,Amazon,Dubai,Counseling,67207
Mechanic,Tesla,Singapore,Engine Repair,31807
Plumber,Wipro,Dubai,Pipe Fitting,63595
Investment Banker,EY,San Francisco,Valuation,157654
Librarian,Apple,Toronto,Cataloguing,63707
Waiter,BMW,Paris,Hospitality,33064
Software Engineer,Apple,Berlin,Python,101950
Sales Manager,Google,Singapore,Negotiation,70075
Waiter,Accenture,San Francisco,Hospitality,39947
HR Manager,Amazon,Dubai,Recruitment,79332
Mechanic,Infosys,Delhi,Engine Repair,37231
Judge,Disney,London,Judicial Review,188747
Marketing Manager,BMW,New York,SEO,67141
Radiologist,Wipro,Chicago,Imaging,153379
Web Developer,Google,Los Angeles,JavaScript,78191
Paralegal,Sony,Paris,Legal Research,51514
Data Scientist,Infosys,New York,Machine Learning,96513
Doctor,KPMG,Paris,Surgery,152269
Tutor,Infosys,Toronto,Mentoring,24016
Judge,Coca Cola,New York,Judicial Review,170930
Waiter,JPMorgan,Tokyo,Hospitality,21496
Software Engineer,Deloitte,Sydney,Python,86380
Professor,Apple,Los Angeles,Research,143128
Legal Advisor,McDonald's,Sydney,Contract Drafting,119729
Construction Worker,Sony,Bangalore,Masonry,57297
Tax Consultant,Microsoft,Bangalore,Tax Filing,91949
Lawyer,Infosys,Bangalore,Litigation,196443
Lawyer,Meta,Chicago,Litigation,94757
Professor,HSBC,Berlin,Research,104366
Cybersecurity Analyst,HSBC,Berlin,Network Security,101838
Sales Manager,Coca Cola,Dubai,Negotiation,131122
Receptionist,Microsoft,Singapore,Front Desk,28973
Waiter,McDonald's,Chicago,Hospitality,38512
Librarian,Google,Delhi,Cataloguing,58128
Compliance Officer,Deloitte,London,Regulation,80416
Data Scientist,Google,Paris,Machine Learning,157484
Writer,Apple,Delhi,Creative Writing,58848
Data Scientist,KPMG,Delhi,Machine Learning,144539
Mechanic,Pfizer,Toronto,Engine Repair,36376
Writer,Tesla,Paris,Creative Writing,58048
Sales Manager,Accenture,Berlin,Negotiation,132712
Nurse,Infosys,New York,Patient Care,82904
Animator,BMW,Delhi,3D Animation,68585
Photographer,Pfizer,Toronto,Photography,41831
Nurse,Disney,Paris,Patient Care,76497
Cybersecurity Analyst,Apple,San Francisco,Network Security,81916
Welder,Apple,Tokyo,Arc Welding,47385
Graphic Designer,Pfizer,Berlin,Photoshop,55767
Cashier,JPMorgan,New York,Billing,29177
Cashier,Google,Los Angeles,Billing,40961
Driver,Sony,New York,Driving,46099
Call Center Agent,Microsoft,Bangalore,Customer Handling,41097
Librarian,Infosys,Dubai,Cataloguing,68979
Receptionist,Apple,Dubai,Front Desk,54754
Waiter,Pfizer,Tokyo,Hospitality,30839
Carpenter,Amazon,Delhi,Woodworking,62599
Graphic Designer,Meta,London,Photoshop,51186
Researcher,Meta,Sydney,Data Analysis,68856
Operations Manager,Sony,Toronto,Process Optimization,141594
Tutor,Microsoft,Toronto,Mentoring,56011
Investment Banker,KPMG,Dubai,Valuation,120845
HR Manager,Amazon,Berlin,Recruitment,60413
Call Center Agent,Deloitte,Sydney,Customer Handling,34910
Cybersecurity Analyst,Google,San Francisco,Network Security,139040
Nurse,Wipro,New York,Patient Care,61491
Marketing Manager,Sony,Sydney,SEO,60107
Compliance Officer,Microsoft,Delhi,Regulation,74594
Animator,EY,Berlin,3D Animation,52381
Lawyer,Microsoft,Sydney,Litigation,142221
Nurse,Meta,Tokyo,Patient Care,40267
Investment Banker,Meta,Toronto,Valuation,167406
Writer,Coca Cola,Delhi,Creative Writing,37814
Radiologist,Infosys,Delhi,Imaging,230734
Video Editor,Microsoft,Chicago,Premiere Pro,56624
Support Specialist,JPMorgan,Los Angeles,Troubleshooting,58667
Marketing Manager,Meta,Singapore,SEO,121066
Farmer,BMW,Paris,Crop Management,26894
Judge,EY,Dubai,Judicial Review,157125
Receptionist,BMW,Bangalore,Front Desk,36517
Librarian,Disney,Singapore,Cataloguing,42117
Data Scientist,Sony,Chicago,Machine Learning,95130
Radiologist,Tesla,Tokyo,Imaging,173406
Professor,Pfizer,Chicago,Research,115694
Chef,Sony,Chicago,Culinary Arts,98126
Legal Advisor,Pfizer,Dubai,Contract Drafting,71315
Pharmacist,Google,Berlin,Pharmacology,69404
Judge,Deloitte,Delhi,Judicial Review,173734
Marketing Manager,Apple,Berlin,SEO,94293
HR Manager,McDonald's,Dubai,Recruitment,89576
Psychologist,Google,Delhi,Counseling,75232
Auditor,HSBC,Berlin,Compliance,70777
Project Manager,Sony,Chicago,Agile,79037
Video Editor,Wipro,Chicago,Premiere Pro,89651
Animator,McDonald's,Delhi,3D Animation,79584
Paralegal,Google,Toronto,Legal Research,67493
Lawyer,Sony,Toronto,Litigation,156537
Financial Analyst,Coca Cola,New York,Excel Modeling,103025
Lawyer,Amazon,Chicago,Litigation,184249
Carpenter,Amazon,New York,Woodworking,48498
HR Manager,Deloitte,Delhi,Recruitment,66649
Software Engineer,Wipro,Sydney,Python,100457
Lawyer,Microsoft,Tokyo,Litigation,111344
Legal Advisor,Deloitte,Singapore,Contract Drafting,134316
Radiologist,Amazon,San Francisco,Imaging,158330
Electrician,Disney,Sydney,Wiring,49742
Radiologist,Disney,New York,Imaging,185728
Tutor,Disney,Tokyo,Mentoring,50466
Cashier,Infosys,Paris,Billing,33283
Video Editor,Accenture,London,Premiere Pro,64062
Sales Manager,BMW,London,Negotiation,77794
Chef,EY,Berlin,Culinary Arts,51137
Tutor,Coca Cola,Delhi,Mentoring,37915
Call Center Agent,Google,San Francisco,Customer Handling,23650
Teacher,KPMG,Dubai,Classroom Management,78311
Video Editor,Google,Singapore,Premiere Pro,98589
Carpenter,Wipro,Los Angeles,Woodworking,60907
Nurse,McDonald's,Los Angeles,Patient Care,85292
Psychologist,Sony,Toronto,Counseling,71855
Farmer,Accenture,Sydney,Crop Management,41588
Auditor,Deloitte,London,Compliance,90076
Cybersecurity Analyst,Microsoft,Chicago,Network Security,109125
Software Engineer,Apple,Berlin,Python,133125
Mechanic,Deloitte,Chicago,Engine Repair,36466
Librarian,HSBC,Bangalore,Cataloguing,65002
Support Specialist,Pfizer,Paris,Troubleshooting,42749
Web Developer,Accenture,New York,JavaScript,85853
HR Manager,Sony,Sydney,Recruitment,105083
Farmer,Disney,Sydney,Crop Management,32755
Auditor,Microsoft,Delhi,Compliance,79298
Pharmacist,EY,Toronto,Pharmacology,84894
Plumber,Apple,Delhi,Pipe Fitting,72224
Pilot,Apple,Chicago,Navigation,132600
Professor,EY,Berlin,Research,119082
Support Specialist,EY,Berlin,Troubleshooting,62530
Nurse,Disney,New York,Patient Care,79188
Software Engineer,Accenture,Delhi,Python,103506
Data Scientist,Infosys,Delhi,Machine Learning,135560
Graphic Designer,JPMorgan,Sydney,Photoshop,65644
Radiologist,Google,Paris,Imaging,236540
Waiter,McDonald's,Los Angeles,Hospitality,36887
Software Engineer,Deloitte,Tokyo,Python,79901
Operations Manager,JPMorgan,London,Process Optimization,149026
Pharmacist,Microsoft,Toronto,Pharmacology,75052
Video Editor,Coca Cola,Bangalore,Premiere Pro,75865
Psychologist,McDonald's,Toronto,Counseling,88698
Judge,BMW,Los Angeles,Judicial Review,201859
Doctor,Pfizer,Bangalore,Surgery,127869
Construction Worker,KPMG,San Francisco,Masonry,33093
Doctor,Apple,Singapore,Surgery,246133
Construction Worker,Pfizer,Singapore,Masonry,56676
Waiter,JPMorgan,Berlin,Hospitality,25812
Receptionist,HSBC,London,Front Desk,39357
Farmer,Tesla,London,Crop Management,18973
Legal Advisor,Apple,Paris,Contract Drafting,71096
Writer,Pfizer,Bangalore,Creative Writing,61169
Receptionist,HSBC,Toronto,Front Desk,59897
Teacher,Coca Cola,New York,Classroom Management,33798
Video Editor,HSBC,Chicago,Premiere Pro,47236
Video Editor,HSBC,Chicago,Premiere Pro,70519
Legal Advisor,Deloitte,Bangalore,Contract Drafting,128867
Welder,JPMorgan,Singapore,Arc Welding,29970
Psychologist,Tesla,New York,Counseling,90205
Plumber,Tesla,San Francisco,Pipe Fitting,34051
Legal Advisor,Amazon,London,Contract Drafting,114540
Electrician,EY,Dubai,Wiring,71908
Teacher,Microsoft,Tokyo,Classroom Management,73615
Professor,Sony,Paris,Research,124091
Mechanic,Infosys,Paris,Engine Repair,53611
Teacher,Disney,Berlin,Classroom Management,76417
Lawyer,EY,Sydney,Litigation,188717
Web Developer,JPMorgan,Bangalore,JavaScript,74414
Psychologist,Disney,Chicago,Counseling,80069
Call Center Agent,Wipro,Dubai,Customer Handling,21865
HR Manager,Microsoft,Dubai,Recruitment,105463
Animator,McDonald's,Dubai,3D Animation,97344
Pilot,HSBC,San Francisco,Navigation,230634
Chef,Wipro,San Francisco,Culinary Arts,66862
Investment Banker,Disney,Delhi,Valuation,152057
Financial Analyst,Microsoft,Paris,Excel Modeling,57300
Lawyer,Disney,Toronto,Litigation,157283
Video Editor,JPMorgan,San Francisco,Premiere Pro,42121
Animator,Pfizer,Chicago,3D Animation,60767
Researcher,HSBC,New York,Data Analysis,91909
Operations Manager,Deloitte,San Francisco,Process Optimization,103577
Financial Analyst,Amazon,New York,Excel Modeling,99762
Librarian,Apple,London,Cataloguing,62993
Radiologist,Infosys,Berlin,Imaging,194922
Doctor,Accenture,Dubai,Surgery,185356
Professor,Meta,New York,Research,106753
Compliance Officer,Coca Cola,Dubai,Regulation,104081
Professor,Pfizer,Dubai,Research,101230
Photographer,Sony,Bangalore,Photography,38164
Waiter,Wipro,Chicago,Hospitality,35800
Call Center Agent,Infosys,Delhi,Customer Handling,21669
Video Editor,Pfizer,Paris,Premiere Pro,45299
Judge,Tesla,San Francisco,Judicial Review,180649
Cybersecurity Analyst,Google,Paris,Network Security,139793
Support Specialist,Google,San Francisco,Troubleshooting,34742
Driver,Coca Cola,Delhi,Driving,50947
Project Manager,Coca Cola,Delhi,Agile,113447
Support Specialist,Microsoft,Los Angeles,Troubleshooting,68216
Lawyer,Deloitte,San Francisco,Litigation,157147
Psychologist,Pfizer,San Francisco,Counseling,103849
Legal Advisor,JPMorgan,Toronto,Contract Drafting,128811
Mechanic,JPMorgan,Tokyo,Engine Repair,40631
Paralegal,Deloitte,Dubai,Legal Research,38650
Teacher,KPMG,Los Angeles,Classroom Management,52979
Welder,Tesla,Sydney,Arc Welding,39299
Data Scientist,Pfizer,London,Machine Learning,140136
Data Scientist,Deloitte,New York,Machine Learning,124902
Tax Consultant,Google,Delhi,Tax Filing,99463
Web Developer,Apple,New York,JavaScript,103618
Farmer,Infosys,Sydney,Crop Management,21970
Writer,Deloitte,Toronto,Creative Writing,32771
Teacher,Amazon,Dubai,Classroom Management,30014
Psychologist,Meta,London,Counseling,117639
Chef,Microsoft,Sydney,Culinary Arts,71557
Driver,Sony,Delhi,Driving,40858
Librarian,Disney,Toronto,Cataloguing,31050
Carpenter,Pfizer,Chicago,Woodworking,62794
Construction Worker,HSBC,Sydney,Masonry,30792
Operations Manager,McDonald's,Delhi,Process Optimization,76221
Electrician,JPMorgan,Dubai,Wiring,78071
Tax Consultant,McDonald's,Sydney,Tax Filing,66873
Data Scientist,KPMG,Los Angeles,Machine Learning,141675
Psychologist,Deloitte,New York,Counseling,117397
Software Engineer,JPMorgan,New York,Python,119305
Doctor,Google,Chicago,Surgery,155043
Graphic Designer,EY,Singapore,Photoshop,77469
Driver,Tesla,Los Angeles,Driving,28744
Teacher,KPMG,Delhi,Classroom Management,50201
Cashier,Tesla,New York,Billing,45609
Cybersecurity Analyst,Microsoft,Delhi,Network Security,78678
Psychologist,Coca Cola,New York,Counseling,102161
Professor,Infosys,Tokyo,Research,95775
Plumber,EY,Berlin,Pipe Fitting,39041
Animator,Deloitte,Dubai,3D Animation,91964
Carpenter,Amazon,Los Angeles,Woodworking,56468
Driver,Amazon,Bangalore,Driving,57596
Nurse,Accenture,Los Angeles,Patient Care,67734
Pharmacist,Disney,Singapore,Pharmacology,82784
Researcher,Tesla,Berlin,Data Analysis,50397
Chef,JPMorgan,New York,Culinary Arts,46177
Call Center Agent,Coca Cola,Chicago,Customer Handling,36414
Cybersecurity Analyst,HSBC,Chicago,Network Security,95545
Cashier,Apple,Paris,Billing,35705
Data Scientist,KPMG,Berlin,Machine Learning,123451
Farmer,Deloitte,Paris,Crop Management,47031
Auditor,HSBC,Chicago,Compliance,115503
Mechanic,Meta,New York,Engine Repair,37450
Pharmacist,Wipro,Berlin,Pharmacology,87923
Welder,Apple,Sydney,Arc Welding,27756
Plumber,Pfizer,Bangalore,Pipe Fitting,76845
Librarian,Pfizer,Dubai,Cataloguing,43282
Tutor,Amazon,Singapore,Mentoring,58106
Writer,Accenture,Dubai,Creative Writing,59372
Project Manager,Sony,Toronto,Agile,86245
Cashier,Google,San Francisco,Billing,39049
Support Specialist,JPMorgan,Paris,Troubleshooting,66480
Carpenter,Amazon,Berlin,Woodworking,54824
Welder,Infosys,Paris,Arc Welding,30720
Compliance Officer,Apple,Bangalore,Regulation,117043
Tax Consultant,Meta,San Francisco,Tax Filing,74811
Marketing Manager,HSBC,Bangalore,SEO,89833
Radiologist,Tesla,Bangalore,Imaging,136826
Radiologist,Disney,New York,Imaging,189364
Graphic Designer,Infosys,London,Photoshop,53431
Electrician,Wipro,Berlin,Wiring,66825
Cybersecurity Analyst,JPMorgan,New York,Network Security,116990
Farmer,Sony,London,Crop Management,26529
Marketing Manager,Microsoft,Tokyo,SEO,67296
Nurse,Microsoft,Tokyo,Patient Care,75290
Data Scientist,Coca Cola,Paris,Machine Learning,70916
Plumber,Accenture,Paris,Pipe Fitting,44910
Radiologist,Apple,Berlin,Imaging,157886
Waiter,Wipro,Chicago,Hospitality,23427
Financial Analyst,Coca Cola,London,Excel Modeling,101505
Welder,KPMG,Singapore,Arc Welding,63982
Accountant,Coca Cola,Chicago,Bookkeeping,48279
Sales Manager,Infosys,San Francisco,Negotiation,88425
Animator,Deloitte,Singapore,3D Animation,61851
Receptionist,KPMG,Toronto,Front Desk,35132
Software Engineer,Apple,Tokyo,Python,131444
Receptionist,Wipro,London,Front Desk,41185
Carpenter,Amazon,Toronto,Woodworking,27983
Chef,Tesla,Berlin,Culinary Arts,60267
Web Developer,Infosys,Tokyo,JavaScript,99536
Call Center Agent,HSBC,Sydney,Customer Handling,29706
Tutor,KPMG,Paris,Mentoring,57021
Librarian,Disney,Delhi,Cataloguing,53125
Psychologist,Infosys,Tokyo,Counseling,129089
Animator,Amazon,Delhi,3D Animation,89783
Photographer,Wipro,Singapore,Photography,54199
Writer,Wipro,Tokyo,Creative Writing,42377
Farmer,Wipro,London,Crop Management,44678
Software Engineer,Amazon,New York,Python,107935
Plumber,Deloitte,Tokyo,Pipe Fitting,50087
Plumber,Google,Bangalore,Pipe Fitting,68374
Carpenter,Accenture,Paris,Woodworking,67455
Project Manager,Microsoft,Berlin,Agile,79522
HR Manager,Infosys,Singapore,Recruitment,107802
Paralegal,Accenture,Singapore,Legal Research,64695
Compliance Officer,Deloitte,Singapore,Regulation,85509
Tax Consultant,EY,Berlin,Tax Filing,54041
Sales Manager,McDonald's,Delhi,Negotiation,95114
Carpenter,EY,Singapore,Woodworking,65634
Support Specialist,Coca Cola,London,Troubleshooting,35824
Plumber,Microsoft,Dubai,Pipe Fitting,56877
Psychologist,Pfizer,London,Counseling,103056
Cybersecurity Analyst,Deloitte,Delhi,Network Security,135306
Software Engineer,BMW,Los Angeles,Python,65732
Data Scientist,Pfizer,Toronto,Machine Learning,135502
Data Scientist,Sony,Sydney,Machine Learning,74676
Paralegal,HSBC,Chicago,Legal Research,66451
Tutor,KPMG,Paris,Mentoring,22799
Sales Manager,Coca Cola,Sydney,Negotiation,132287
Electrician,Amazon,Singapore,Wiring,35631
Receptionist,Pfizer,Chicago,Front Desk,48652
Pilot,Wipro,Bangalore,Navigation,132754
Professor,Sony,Bangalore,Research,66308
Software Engineer,Disney,Paris,Python,118819
Welder,Infosys,Tokyo,Arc Welding,56849
Electrician,Infosys,Singapore,Wiring,50636
Animator,JPMorgan,Singapore,3D Animation,109962
Waiter,Amazon,London,Hospitality,34683
Financial Analyst,Tesla,Tokyo,Excel Modeling,103905
Pharmacist,Coca Cola,Delhi,Pharmacology,78541
Sales Manager,Wipro,Berlin,Negotiation,61776
Construction Worker,Pfizer,New York,Masonry,51612
Data Scientist,KPMG,Dubai,Machine Learning,111653
Writer,Pfizer,Singapore,Creative Writing,55761
Lawyer,Amazon,Dubai,Litigation,90501
Doctor,Tesla,Toronto,Surgery,284154
Librarian,Microsoft,Sydney,Cataloguing,31803
Welder,Microsoft,Sydney,Arc Welding,47424
Radiologist,Google,Sydney,Imaging,236703
Lawyer,Sony,Paris,Litigation,145714
Cloud Engineer,Deloitte,Chicago,AWS,100011
Sales Manager,Apple,Sydney,Negotiation,100036
Accountant,Disney,Chicago,Bookkeeping,41863
Cybersecurity Analyst,Deloitte,New York,Network Security,78998
Driver,EY,Dubai,Driving,52742
Lawyer,Coca Cola,Sydney,Litigation,148147
Farmer,Disney,Chicago,Crop Management,43330
Project Manager,Disney,Toronto,Agile,122798
Investment Banker,EY,London,Valuation,131269
Video Editor,JPMorgan,London,Premiere Pro,85359
Farmer,Infosys,Berlin,Crop Management,30290
Project Manager,Apple,Los Angeles,Agile,91658
Auditor,Coca Cola,San Francisco,Compliance,67670
Pharmacist,Wipro,Toronto,Pharmacology,73095
Graphic Designer,EY,Delhi,Photoshop,81283
Professor,Google,Toronto,Research,132360
Photographer,Disney,Los Angeles,Photography,84291
Compliance Officer,Google,Dubai,Regulation,101841
Legal Advisor,Coca Cola,Chicago,Contract Drafting,125012
Doctor,EY,Singapore,Surgery,130168
Paralegal,McDonald's,Chicago,Legal Research,53711
Psychologist,McDonald's,Bangalore,Counseling,92134
Call Center Agent,Accenture,Singapore,Customer Handling,21718
HR Manager,Sony,Singapore,Recruitment,81091
Paralegal,BMW,Delhi,Legal Research,37467
Data Scientist,Tesla,Sydney,Machine Learning,97394
Writer,Tesla,Singapore,Creative Writing,35814
Farmer,Pfizer,Delhi,Crop Management,38750
Auditor,Meta,New York,Compliance,72017
Data Scientist,Microsoft,Sydney,Machine Learning,115659
Waiter,Apple,New York,Hospitality,24741
Call Center Agent,Google,Berlin,Customer Handling,23680
Chef,Wipro,San Francisco,Culinary Arts,62035
Marketing Manager,KPMG,Berlin,SEO,67688
Call Center Agent,Meta,Singapore,Customer Handling,33499
Pilot,EY,Singapore,Navigation,216222
Pharmacist,Microsoft,Paris,Pharmacology,64807
Accountant,HSBC,Chicago,Bookkeeping,94309
Receptionist,Meta,Dubai,Front Desk,57039
Plumber,HSBC,Delhi,Pipe Fitting,60728
Cashier,Pfizer,New York,Billing,23982
Farmer,Pfizer,Bangalore,Crop Management,22396
Pilot,Google,Bangalore,Navigation,202889
Data Scientist,KPMG,Singapore,Machine Learning,139757
Teacher,Apple,London,Classroom Management,72442
Cloud Engineer,Coca Cola,San Francisco,AWS,91707
Cashier,BMW,Chicago,Billing,41312
Investment Banker,EY,Los Angeles,Valuation,109229
Carpenter,Infosys,Tokyo,Woodworking,49294
Waiter,Disney,London,Hospitality,25112
Cloud Engineer,Pfizer,Sydney,AWS,90371
Mechanic,JPMorgan,London,Engine Repair,52576
Compliance Officer,KPMG,Tokyo,Regulation,67175
Nurse,Apple,New York,Patient Care,62263
Operations Manager,Wipro,Los Angeles,Process Optimization,117386
Cloud Engineer,JPMorgan,Los Angeles,AWS,106691
Plumber,HSBC,London,Pipe Fitting,72480
Auditor,Amazon,Tokyo,Compliance,65776
Tax Consultant,Meta,New York,Tax Filing,58655
Researcher,McDonald's,Paris,Data Analysis,63594
Tax Consultant,BMW,Singapore,Tax Filing,92519
Lawyer,Google,Chicago,Litigation,101363
Compliance Officer,JPMorgan,New York,Regulation,86110
Tax Consultant,McDonald's,Los Angeles,Tax Filing,55173
Writer,McDonald's,Tokyo,Creative Writing,71215
Animator,Infosys,London,3D Animation,71290
Radiologist,Microsoft,London,Imaging,192126
Call Center Agent,JPMorgan,Toronto,Customer Handling,49226
Cybersecurity Analyst,KPMG,Toronto,Network Security,109711
Animator,Coca Cola,Chicago,3D Animation,84412
Cashier,Deloitte,Dubai,Billing,40526
Judge,Meta,New York,Judicial Review,185407
Librarian,Pfizer,Dubai,Cataloguing,57962
Cloud Engineer,Accenture,Sydney,AWS,134666
Accountant,HSBC,Tokyo,Bookkeeping,40477
Radiologist,Wipro,New York,Imaging,231006
Cashier,JPMorgan,Chicago,Billing,43601
Sales Manager,JPMorgan,Dubai,Negotiation,74710
Judge,Tesla,London,Judicial Review,242045
Plumber,BMW,Paris,Pipe Fitting,51869
Psychologist,BMW,Berlin,Counseling,120468
Paralegal,Meta,New York,Legal Research,47206
Cashier,Accenture,Toronto,Billing,22502
Photographer,BMW,Dubai,Photography,34527
Writer,Coca Cola,Chicago,Creative Writing,68860
Psychologist,Tesla,Paris,Counseling,111227
Photographer,Sony,San Francisco,Photography,57903
Radiologist,KPMG,Chicago,Imaging,172036
Nurse,JPMorgan,Bangalore,Patient Care,72088
Radiologist,Disney,Dubai,Imaging,159438
Plumber,McDonald's,Chicago,Pipe Fitting,33634
Animator,BMW,Dubai,3D Animation,106543
Radiologist,Accenture,San Francisco,Imaging,139676
Doctor,Infosys,Singapore,Surgery,285000
Operations Manager,McDonald's,Paris,Process Optimization,94768
Professor,Amazon,Dubai,Research,90527
Chef,McDonald's,Singapore,Culinary Arts,50209
Teacher,Pfizer,Singapore,Classroom Management,76641
Tutor,HSBC,New York,Mentoring,27577
Tax Consultant,Tesla,Singapore,Tax Filing,75022
Video Editor,Tesla,Dubai,Premiere Pro,98786
Farmer,Sony,New York,Crop Management,17593
Judge,Amazon,Delhi,Judicial Review,171521
Chef,Accenture,Paris,Culinary Arts,94311
Psychologist,EY,London,Counseling,113535
Accountant,EY,New York,Bookkeeping,40697
Operations Manager,Wipro,Singapore,Process Optimization,80930
Welder,Amazon,Toronto,Arc Welding,31187
Teacher,Tesla,London,Classroom Management,78574
Electrician,Tesla,Bangalore,Wiring,38939
Receptionist,JPMorgan,Tokyo,Front Desk,48804
Construction Worker,Infosys,Berlin,Masonry,37649
Chef,Microsoft,London,Culinary Arts,50774
Radiologist,McDonald's,Bangalore,Imaging,171936
Carpenter,Apple,Chicago,Woodworking,64457
Carpenter,Accenture,Singapore,Woodworking,55895
Software Engineer,Disney,New York,Python,81534
Call Center Agent,Coca Cola,Chicago,Customer Handling,35629
Doctor,BMW,Delhi,Surgery,192068
Tax Consultant,Microsoft,Toronto,Tax Filing,75601
Driver,KPMG,Sydney,Driving,20834
Web Developer,Deloitte,Sydney,JavaScript,50898
Writer,Microsoft,New York,Creative Writing,66655
Video Editor,Accenture,Chicago,Premiere Pro,92349
Cybersecurity Analyst,JPMorgan,Tokyo,Network Security,98785
Carpenter,Wipro,Bangalore,Woodworking,25361
Researcher,BMW,Bangalore,Data Analysis,58468
Professor,KPMG,San Francisco,Research,148751
Professor,Sony,Sydney,Research,146513
Accountant,Amazon,Bangalore,Bookkeeping,72638
Accountant,Meta,New York,Bookkeeping,82284
Researcher,Sony,Chicago,Data Analysis,67575
Judge,KPMG,Bangalore,Judicial Review,178777
Auditor,Coca Cola,Dubai,Compliance,104862
Paralegal,Deloitte,Singapore,Legal Research,43957
Doctor,Sony,San Francisco,Surgery,129606
Psychologist,Accenture,New York,Counseling,118062
Construction Worker,Coca Cola,Berlin,Masonry,30372
Waiter,KPMG,Berlin,Hospitality,33298
Tax Consultant,Wipro,Paris,Tax Filing,59629
Software Engineer,Wipro,Los Angeles,Python,142002
Welder,Accenture,Singapore,Arc Welding,55802
Photographer,HSBC,London,Photography,63268
Farmer,Apple,Tokyo,Crop Management,15788
Teacher,Wipro,Toronto,Classroom Management,60895
Call Center Agent,Apple,Berlin,Customer Handling,20095
Chef,McDonald's,Bangalore,Culinary Arts,96729
Doctor,KPMG,Berlin,Surgery,199992
Tax Consultant,Coca Cola,Singapore,Tax Filing,98946
Call Center Agent,EY,Paris,Customer Handling,40016
Receptionist,Wipro,Tokyo,Front Desk,51726
Carpenter,Microsoft,San Francisco,Woodworking,61024
Cybersecurity Analyst,KPMG,Chicago,Network Security,117367
Welder,Sony,Sydney,Arc Welding,58523
Construction Worker,Accenture,Berlin,Masonry,45114
Operations Manager,Infosys,Berlin,Process Optimization,138144
Operations Manager,Accenture,New York,Process Optimization,99855
Web Developer,Google,Delhi,JavaScript,62581
Project Manager,Meta,Bangalore,Agile,139403
Data Scientist,Deloitte,New York,Machine Learning,130219
Cybersecurity Analyst,JPMorgan,Berlin,Network Security,74523
Investment Banker,Wipro,Tokyo,Valuation,119765
Chef,Pfizer,Los Angeles,Culinary Arts,89527
Driver,McDonald's,Delhi,Driving,51272
Animator,Apple,London,3D Animation,68114
Tax Consultant,HSBC,Berlin,Tax Filing,67993
Judge,Meta,Los Angeles,Judicial Review,221843
Paralegal,Apple,Toronto,Legal Research,67999
Judge,Tesla,London,Judicial Review,245062
Plumber,Wipro,New York,Pipe Fitting,69427
Carpenter,Apple,Sydney,Woodworking,34494
Data Scientist,Deloitte,Los Angeles,Machine Learning,156460
Electrician,McDonald's,Sydney,Wiring,30823
Investment Banker,McDonald's,London,Valuation,133885
Call Center Agent,Deloitte,Toronto,Customer Handling,45375
Operations Manager,EY,Dubai,Process Optimization,75400
Graphic Designer,Amazon,San Francisco,Photoshop,44992
Tutor,Infosys,Delhi,Mentoring,37119
Web Developer,Pfizer,Berlin,JavaScript,99967
Researcher,Disney,Chicago,Data Analysis,84826
Receptionist,Accenture,Delhi,Front Desk,47656
Tax Consultant,Meta,Sydney,Tax Filing,58545
Data Scientist,Amazon,Sydney,Machine Learning,157431
Web Developer,Wipro,Berlin,JavaScript,101732
Accountant,Wipro,Paris,Bookkeeping,86676
Doctor,Wipro,Delhi,Surgery,220628
Writer,Sony,Berlin,Creative Writing,61105
Chef,BMW,Tokyo,Culinary Arts,43443
Software Engineer,Accenture,Bangalore,Python,75713
Construction Worker,Tesla,Los Angeles,Masonry,36493
Legal Advisor,Amazon,Paris,Contract Drafting,93719
Investment Banker,JPMorgan,Paris,Valuation,111067
Investment Banker,Tesla,Sydney,Valuation,172682
Support Specialist,EY,Dubai,Troubleshooting,42512
Legal Advisor,EY,San Francisco,Contract Drafting,126070
Web Developer,EY,London,JavaScript,55518
Accountant,Disney,Sydney,Bookkeeping,81455
Operations Manager,Coca Cola,Delhi,Process Optimization,80021
Compliance Officer,Pfizer,Chicago,Regulation,66835
Software Engineer,Tesla,Delhi,Python,132439
Pilot,EY,Dubai,Navigation,144031
Operations Manager,BMW,Berlin,Process Optimization,133740
Video Editor,BMW,Berlin,Premiere Pro,78519
Doctor,McDonald's,Delhi,Surgery,273351
Writer,Deloitte,Los Angeles,Creative Writing,68349
Welder,Wipro,Delhi,Arc Welding,49795
Welder,HSBC,Toronto,Arc Welding,61050
Compliance Officer,McDonald's,Sydney,Regulation,103138
Professor,Apple,Los Angeles,Research,147450
Psychologist,McDonald's,Singapore,Counseling,103335
Compliance Officer,JPMorgan,London,Regulation,105683
Marketing Manager,McDonald's,Singapore,SEO,120009
Lawyer,Deloitte,Los Angeles,Litigation,152789
Psychologist,Sony,Singapore,Counseling,64054
Construction Worker,McDonald's,San Francisco,Masonry,48855
Cybersecurity Analyst,Deloitte,Berlin,Network Security,99901
Paralegal,Pfizer,New York,Legal Research,45774
Graphic Designer,Wipro,London,Photoshop,44423
Accountant,Microsoft,Singapore,Bookkeeping,44034
Video Editor,HSBC,Sydney,Premiere Pro,60087
Financial Analyst,Amazon,Toronto,Excel Modeling,57967
Psychologist,Apple,Los Angeles,Counseling,106324
Writer,BMW,Paris,Creative Writing,67908
Cloud Engineer,HSBC,London,AWS,107593
Researcher,Google,London,Data Analysis,116912
Sales Manager,Microsoft,Delhi,Negotiation,111376
Animator,Wipro,New York,3D Animation,71722
Receptionist,Apple,San Francisco,Front Desk,27770
Doctor,KPMG,Bangalore,Surgery,171971
Psychologist,Apple,Dubai,Counseling,117218
Call Center Agent,Sony,London,Customer Handling,32894
Lawyer,Coca Cola,Paris,Litigation,100125
Construction Worker,Accenture,Los Angeles,Masonry,20261
Photographer,Deloitte,Dubai,Photography,41001
Researcher,Wipro,Chicago,Data Analysis,101124
Researcher,Meta,Tokyo,Data Analysis,91942
Farmer,McDonald's,Tokyo,Crop Management,30185
Nurse,JPMorgan,Sydney,Patient Care,76423
Waiter,Sony,Dubai,Hospitality,34796
Chef,Sony,Delhi,Culinary Arts,66003
Radiologist,Apple,Singapore,Imaging,249082
Investment Banker,Wipro,Tokyo,Valuation,194539
Compliance Officer,JPMorgan,Toronto,Regulation,109684
Radiologist,Apple,London,Imaging,230164
Web Developer,McDonald's,London,JavaScript,56480
Legal Advisor,Wipro,London,Contract Drafting,81498
Chef,Sony,Singapore,Culinary Arts,81472
Chef,HSBC,Singapore,Culinary Arts,51466
Teacher,EY,London,Classroom Management,73391
Cloud Engineer,JPMorgan,Bangalore,AWS,143486
Receptionist,Meta,Sydney,Front Desk,55125
Legal Advisor,Sony,San Francisco,Contract Drafting,73617
Auditor,Meta,Bangalore,Compliance,65055
Radiologist,Infosys,Bangalore,Imaging,183230
Pilot,Infosys,Sydney,Navigation,125785
Radiologist,EY,London,Imaging,234855
Psychologist,Coca Cola,Toronto,Counseling,128477
HR Manager,Amazon,San Francisco,Recruitment,83340
Lawyer,Amazon,Tokyo,Litigation,92263
Welder,Tesla,Sydney,Arc Welding,43693
Graphic Designer,Infosys,Bangalore,Photoshop,84196
Investment Banker,McDonald's,New York,Valuation,101667
Legal Advisor,Sony,Dubai,Contract Drafting,95160
Lawyer,Infosys,Paris,Litigation,155613
Operations Manager,Tesla,Sydney,Process Optimization,92943
Video Editor,Infosys,San Francisco,Premiere Pro,44978
Accountant,Deloitte,Paris,Bookkeeping,99912
Support Specialist,Infosys,Dubai,Troubleshooting,61271
Financial Analyst,Microsoft,Berlin,Excel Modeling,53348
Writer,Sony,Bangalore,Creative Writing,67152
Video Editor,Tesla,Dubai,Premiere Pro,57886
Project Manager,Meta,Bangalore,Agile,137591
Call Center Agent,Meta,London,Customer Handling,43977
Graphic Designer,Coca Cola,Berlin,Photoshop,80919
Lawyer,HSBC,Dubai,Litigation,118692
Legal Advisor,Wipro,Los Angeles,Contract Drafting,113133
Sales Manager,Amazon,Paris,Negotiation,77755
Construction Worker,BMW,London,Masonry,34625
Operations Manager,Apple,London,Process Optimization,147535
HR Manager,Infosys,New York,Recruitment,80739
Investment Banker,Amazon,Toronto,Valuation,179441
Legal Advisor,Microsoft,Tokyo,Contract Drafting,86406
Software Engineer,KPMG,San Francisco,Python,101484
Sales Manager,Microsoft,Toronto,Negotiation,114714
Photographer,Deloitte,Sydney,Photography,63842
Cybersecurity Analyst,HSBC,Tokyo,Network Security,100947
Tax Consultant,Sony,London,Tax Filing,97936
Librarian,Microsoft,Dubai,Cataloguing,63527
Researcher,EY,Tokyo,Data Analysis,103994
Teacher,Deloitte,Singapore,Classroom Management,70698
Web Developer,Pfizer,Los Angeles,JavaScript,83018
Compliance Officer,EY,Tokyo,Regulation,90760
Cashier,Infosys,Bangalore,Billing,45873
Lawyer,Disney,Berlin,Litigation,80097
Financial Analyst,EY,Berlin,Excel Modeling,61335
Auditor,Amazon,Delhi,Compliance,92126
Mechanic,Accenture,New York,Engine Repair,46596
Waiter,JPMorgan,Chicago,Hospitality,36711
Support Specialist,Meta,Sydney,Troubleshooting,56376
Marketing Manager,Sony,New York,SEO,78583
Psychologist,BMW,San Francisco,Counseling,88230
Web Developer,Google,Dubai,JavaScript,54806
Writer,Apple,Paris,Creative Writing,53440
Software Engineer,Meta,Paris,Python,75075
Radiologist,Disney,Bangalore,Imaging,175069
Data Scientist,Deloitte,New York,Machine Learning,147976
Waiter,McDonald's,New York,Hospitality,25928
Animator,Microsoft,Dubai,3D Animation,63902
Carpenter,KPMG,Toronto,Woodworking,44399
Graphic Designer,HSBC,Chicago,Photoshop,81255
Marketing Manager,BMW,Bangalore,SEO,72226
Pharmacist,Tesla,Toronto,Pharmacology,99744
Web Developer,Tesla,New York,JavaScript,53583
Psychologist,Tesla,San Francisco,Counseling,105523
Carpenter,KPMG,Toronto,Woodworking,56352
Nurse,Deloitte,Sydney,Patient Care,79196
Nurse,Microsoft,London,Patient Care,54478
Data Scientist,Microsoft,Sydney,Machine Learning,129692
Lawyer,Pfizer,London,Litigation,131546
Researcher,Tesla,London,Data Analysis,104822
Plumber,HSBC,San Francisco,Pipe Fitting,38763
Cybersecurity Analyst,Deloitte,San Francisco,Network Security,109460
Driver,Sony,New York,Driving,52492
Driver,EY,London,Driving,42954
Construction Worker,KPMG,Dubai,Masonry,57473
Writer,Sony,Tokyo,Creative Writing,41500
Receptionist,BMW,Toronto,Front Desk,27823
Legal Advisor,Infosys,Berlin,Contract Drafting,141216
Cloud Engineer,Microsoft,Dubai,AWS,150449
Nurse,Microsoft,Paris,Patient Care,65366
Librarian,Wipro,Chicago,Cataloguing,43475
Radiologist,Accenture,Chicago,Imaging,230050
Accountant,JPMorgan,Toronto,Bookkeeping,42303
Paralegal,Meta,Sydney,Legal Research,46139
Legal Advisor,Apple,New York,Contract Drafting,107638
Teacher,BMW,Dubai,Classroom Management,75645
Researcher,JPMorgan,Dubai,Data Analysis,108023
Cybersecurity Analyst,Amazon,Delhi,Network Security,129138
Plumber,Coca Cola,Berlin,Pipe Fitting,60156
Animator,Deloitte,Los Angeles,3D Animation,61577
Professor,HSBC,Toronto,Research,98888
HR Manager,EY,Delhi,Recruitment,94127
Marketing Manager,Accenture,Bangalore,SEO,86710
Legal Advisor,Wipro,Delhi,Contract Drafting,79154
Pharmacist,JPMorgan,Dubai,Pharmacology,73724
Software Engineer,Pfizer,Singapore,Python,127182
Librarian,BMW,New York,Cataloguing,64572
Legal Advisor,Amazon,Bangalore,Contract Drafting,134386
Professor,Disney,Chicago,Research,79104
Software Engineer,HSBC,Chicago,Python,148657
Investment Banker,Accenture,Sydney,Valuation,142583
Doctor,Apple,Chicago,Surgery,266124
Accountant,Meta,Toronto,Bookkeeping,87728
Nurse,Tesla,Bangalore,Patient Care,44947
Receptionist,Coca Cola,Delhi,Front Desk,48380
Mechanic,Pfizer,Singapore,Engine Repair,47582
Operations Manager,Meta,New York,Process Optimization,146026
Photographer,Amazon,Berlin,Photography,44180
Mechanic,Sony,Delhi,Engine Repair,51619
Waiter,Coca Cola,Sydney,Hospitality,27761
Financial Analyst,BMW,Paris,Excel Modeling,65535
Nurse,Disney,Berlin,Patient Care,59877
Project Manager,EY,Toronto,Agile,80135
Writer,Deloitte,Bangalore,Creative Writing,41628
Chef,EY,Singapore,Culinary Arts,85803
Sales Manager,Deloitte,Sydney,Negotiation,130273
Sales Manager,Deloitte,Sydney,Negotiation,77297
Construction Worker,Amazon,Bangalore,Masonry,20778
Lawyer,Amazon,Delhi,Litigation,95094
Construction Worker,Meta,Tokyo,Masonry,44211
Pharmacist,Deloitte,New York,Pharmacology,52404
Researcher,JPMorgan,Bangalore,Data Analysis,114543
Web Developer,McDonald's,Bangalore,JavaScript,99014
Photographer,Google,Bangalore,Photography,76816
Investment Banker,Wipro,Paris,Valuation,132054
Accountant,HSBC,Tokyo,Bookkeeping,42549
Researcher,JPMorgan,Chicago,Data Analysis,66899
Psychologist,Sony,New York,Counseling,101784
Marketing Manager,Wipro,Chicago,SEO,88626
Cybersecurity Analyst,Apple,Paris,Network Security,111992
Marketing Manager,Sony,Sydney,SEO,76063
Pilot,EY,Bangalore,Navigation,162269
Investment Banker,Coca Cola,Paris,Valuation,123715
Professor,Tesla,Tokyo,Research,118788
Investment Banker,HSBC,Sydney,Valuation,190555
Operations Manager,McDonald's,Chicago,Process Optimization,74121
Photographer,Wipro,Bangalore,Photography,69049
Data Scientist,Meta,Dubai,Machine Learning,88077
Web Developer,JPMorgan,Dubai,JavaScript,114658
Cybersecurity Analyst,Google,Dubai,Network Security,104827
Mechanic,BMW,Delhi,Engine Repair,38475
Financial Analyst,McDonald's,Bangalore,Excel Modeling,72924
Psychologist,EY,Sydney,Counseling,97245
Sales Manager,Sony,Bangalore,Negotiation,81256
Tutor,KPMG,Tokyo,Mentoring,28142
Graphic Designer,Disney,Berlin,Photoshop,44994
Financial Analyst,Disney,New York,Excel Modeling,55218
Waiter,Microsoft,New York,Hospitality,30933
Animator,Sony,Paris,3D Animation,62739
Psychologist,BMW,Delhi,Counseling,84330
Receptionist,Meta,Paris,Front Desk,52174
Mechanic,Coca Cola,Berlin,Engine Repair,67510
Carpenter,BMW,Tokyo,Woodworking,56171
Writer,Meta,Singapore,Creative Writing,57666
Plumber,Sony,Los Angeles,Pipe Fitting,47395
Pilot,BMW,Singapore,Navigation,180959
Nurse,Microsoft,San Francisco,Patient Care,53568
Cashier,KPMG,Dubai,Billing,26463
Driver,Microsoft,Sydney,Driving,49063
Tax Consultant,EY,Toronto,Tax Filing,85068
Pharmacist,Deloitte,Sydney,Pharmacology,58443
Librarian,Deloitte,San Francisco,Cataloguing,65636
Chef,Infosys,New York,Culinary Arts,93181
Compliance Officer,BMW,London,Regulation,112968
Receptionist,Sony,New York,Front Desk,50912
Sales Manager,Wipro,Delhi,Negotiation,78105
HR Manager,Wipro,New York,Recruitment,78230
Software Engineer,Microsoft,Delhi,Python,74806
Researcher,KPMG,Paris,Data Analysis,83803
Tax Consultant,BMW,Singapore,Tax Filing,64881
Plumber,Meta,Los Angeles,Pipe Fitting,59514
Financial Analyst,HSBC,London,Excel Modeling,59151
Carpenter,Coca Cola,Chicago,Woodworking,51204
Tax Consultant,Wipro,San Francisco,Tax Filing,81874
Teacher,Coca Cola,Los Angeles,Classroom Management,42559
Mechanic,Disney,London,Engine Repair,66654
Cashier,Wipro,Chicago,Billing,34828
Accountant,BMW,Dubai,Bookkeeping,44309
Tax Consultant,EY,Paris,Tax Filing,87197
Web Developer,McDonald's,Bangalore,JavaScript,91153
Nurse,Apple,London,Patient Care,44611
Construction Worker,EY,Los Angeles,Masonry,57844
Software Engineer,Google,London,Python,132697
Marketing Manager,Accenture,San Francisco,SEO,86519
Librarian,McDonald's,Toronto,Cataloguing,38316
Farmer,JPMorgan,Sydney,Crop Management,37040
Doctor,BMW,Chicago,Surgery,120947
Psychologist,Microsoft,Singapore,Counseling,95521
Data Scientist,Google,Berlin,Machine Learning,146324
Support Specialist,Meta,Singapore,Troubleshooting,32579
Web Developer,Amazon,Delhi,JavaScript,58663
Lawyer,Wipro,Chicago,Litigation,166568
Teacher,Accenture,Tokyo,Classroom Management,42278
Software Engineer,BMW,Chicago,Python,97834
Lawyer,JPMorgan,Toronto,Litigation,169149
Financial Analyst,McDonald's,Sydney,Excel Modeling,88918
Operations Manager,Accenture,Singapore,Process Optimization,139098
Pilot,Disney,Paris,Navigation,201981
Teacher,HSBC,Toronto,Classroom Management,30737
Plumber,Disney,Dubai,Pipe Fitting,75809
Radiologist,Microsoft,London,Imaging,213136
Receptionist,EY,London,Front Desk,37163
Pilot,JPMorgan,Bangalore,Navigation,243507
Librarian,Accenture,Berlin,Cataloguing,44196
Video Editor,JPMorgan,Bangalore,Premiere Pro,74510
Tax Consultant,HSBC,Dubai,Tax Filing,76735
Professor,Pfizer,Paris,Research,114964
Cybersecurity Analyst,Wipro,Toronto,Network Security,125427
Pharmacist,HSBC,San Francisco,Pharmacology,65995
Auditor,Tesla,Paris,Compliance,105540
Cybersecurity Analyst,Sony,San Francisco,Network Security,117046
Auditor,Sony,Paris,Compliance,89802
Carpenter,Infosys,London,Woodworking,30871
Psychologist,Disney,Sydney,Counseling,75455
Receptionist,Microsoft,Singapore,Front Desk,51608
Construction Worker,Deloitte,Toronto,Masonry,26654
Compliance Officer,BMW,Berlin,Regulation,90116
Electrician,Amazon,Singapore,Wiring,47360
Photographer,Pfizer,Tokyo,Photography,40667
Call Center Agent,Deloitte,London,Customer Handling,34063
Receptionist,Microsoft,New York,Front Desk,50649
Mechanic,Deloitte,Sydney,Engine Repair,43462
Data Scientist,BMW,San Francisco,Machine Learning,141835
Driver,Tesla,Tokyo,Driving,55423
Writer,Deloitte,Los Angeles,Creative Writing,42426
Librarian,JPMorgan,Los Angeles,Cataloguing,66619
Pharmacist,Meta,San Francisco,Pharmacology,86245
Electrician,Wipro,London,Wiring,32249
Animator,McDonald's,Dubai,3D Animation,81092
Software Engineer,Accenture,Tokyo,Python,72826
Auditor,Microsoft,Bangalore,Compliance,69680
Pharmacist,Google,Delhi,Pharmacology,61098
Sales Manager,Deloitte,San Francisco,Negotiation,121049
Plumber,KPMG,Sydney,Pipe Fitting,40513
Software Engineer,McDonald's,London,Python,97645
Web Developer,Disney,Dubai,JavaScript,77282
Judge,KPMG,Delhi,Judicial Review,222065
Cybersecurity Analyst,Coca Cola,Chicago,Network Security,126813
Compliance Officer,HSBC,Toronto,Regulation,111369
Financial Analyst,Deloitte,Berlin,Excel Modeling,83270
Pilot,Tesla,Berlin,Navigation,121069
Call Center Agent,Sony,Bangalore,Customer Handling,36079
Accountant,Deloitte,Toronto,Bookkeeping,94434
Receptionist,Infosys,Berlin,Front Desk,32054
Receptionist,Pfizer,Sydney,Front Desk,36355
Sales Manager,HSBC,New York,Negotiation,73321
Animator,Accenture,Tokyo,3D Animation,50549
Paralegal,HSBC,Delhi,Legal Research,65522
Photographer,Meta,London,Photography,54968
Photographer,BMW,Bangalore,Photography,84120
Judge,JPMorgan,New York,Judicial Review,241511
Lawyer,KPMG,Bangalore,Litigation,174848
Software Engineer,Google,London,Python,97528
Pilot,KPMG,Singapore,Navigation,167029
Lawyer,KPMG,London,Litigation,124029
Marketing Manager,Apple,Dubai,SEO,78576
Receptionist,KPMG,New York,Front Desk,31741
Construction Worker,Meta,Berlin,Masonry,45535
Marketing Manager,Tesla,Dubai,SEO,106381
HR Manager,Coca Cola,Sydney,Recruitment,110219
Cashier,Microsoft,Los Angeles,Billing,34237
Receptionist,Apple,Berlin,Front Desk,54881
Pharmacist,KPMG,Berlin,Pharmacology,90150
Mechanic,Google,Dubai,Engine Repair,42120
Electrician,McDonald's,New York,Wiring,39808
Plumber,McDonald's,Singapore,Pipe Fitting,57971
Marketing Manager,Meta,Paris,SEO,106219
Farmer,Meta,Sydney,Crop Management,33787
Tax Consultant,Meta,New York,Tax Filing,63123
Paralegal,Deloitte,London,Legal Research,55633
Support Specialist,McDonald's,Los Angeles,Troubleshooting,50956
Cashier,Amazon,New York,Billing,26335
Photographer,BMW,Chicago,Photography,59518
Investment Banker,Disney,Berlin,Valuation,186343
Tax Consultant,Sony,New York,Tax Filing,56843
Video Editor,Google,New York,Premiere Pro,96557
Tax Consultant,Deloitte,London,Tax Filing,91541
Data Scientist,HSBC,Sydney,Machine Learning,144468
Animator,BMW,London,3D Animation,65967
Support Specialist,McDonald's,Toronto,Troubleshooting,44418
Data Scientist,Amazon,New York,Machine Learning,148169
Legal Advisor,Disney,Bangalore,Contract Drafting,130034
Financial Analyst,Wipro,Delhi,Excel Modeling,101185
Electrician,Tesla,New York,Wiring,61354
Tax Consultant,Accenture,Delhi,Tax Filing,84875
Receptionist,JPMorgan,Tokyo,Front Desk,50175
Sales Manager,Apple,Bangalore,Negotiation,88024
Radiologist,EY,Singapore,Imaging,139777
Sales Manager,Google,Berlin,Negotiation,101329
Cashier,McDonald's,Sydney,Billing,37563
Teacher,HSBC,Toronto,Classroom Management,37008
Operations Manager,McDonald's,Chicago,Process Optimization,92418
Pilot,JPMorgan,Tokyo,Navigation,126478
Cashier,Apple,Paris,Billing,24353
Psychologist,Tesla,Berlin,Counseling,128757
Carpenter,Accenture,Dubai,Woodworking,36725
Operations Manager,Amazon,New York,Process Optimization,72708
Investment Banker,Tesla,Toronto,Valuation,195162
Software Engineer,Apple,Bangalore,Python,74205
Video Editor,Wipro,Chicago,Premiere Pro,62946
Paralegal,Wipro,Toronto,Legal Research,35086
Driver,Wipro,Singapore,Driving,41871
Waiter,Microsoft,London,Hospitality,22095
Cashier,Meta,Toronto,Billing,48004
Cashier,Amazon,Paris,Billing,47367
Teacher,Sony,New York,Classroom Management,72319
Writer,McDonald's,London,Creative Writing,48078
Marketing Manager,HSBC,Delhi,SEO,113412
Pilot,Accenture,Dubai,Navigation,147708
Lawyer,Disney,New York,Litigation,93095
Plumber,Accenture,New York,Pipe Fitting,79687
Farmer,KPMG,Dubai,Crop Management,27874
Teacher,BMW,New York,Classroom Management,54874
Support Specialist,Accenture,New York,Troubleshooting,34595
Professor,Microsoft,Toronto,Research,128183
Compliance Officer,Amazon,Chicago,Regulation,100797
Tax Consultant,Infosys,New York,Tax Filing,60362
Writer,Deloitte,Los Angeles,Creative Writing,56695
HR Manager,McDonald's,Chicago,Recruitment,78971
Researcher,Sony,Tokyo,Data Analysis,102525
Welder,Accenture,San Francisco,Arc Welding,44157
Legal Advisor,Apple,Dubai,Contract Drafting,83675
Plumber,Apple,San Francisco,Pipe Fitting,33346
Nurse,Google,San Francisco,Patient Care,53219
Data Scientist,BMW,New York,Machine Learning,99273
Project Manager,Sony,New York,Agile,77587
Receptionist,JPMorgan,Los Angeles,Front Desk,44238
Software Engineer,Infosys,Chicago,Python,131979
Tax Consultant,Coca Cola,Los Angeles,Tax Filing,73039
Pilot,Sony,Toronto,Navigation,206875
Tutor,Pfizer,Berlin,Mentoring,20012
Teacher,Apple,New York,Classroom Management,39090
Receptionist,BMW,Dubai,Front Desk,32066
Animator,BMW,Chicago,3D Animation,70216
Professor,Pfizer,Berlin,Research,84310
Pilot,Google,Toronto,Navigation,145547
Researcher,Sony,Delhi,Data Analysis,119764
Cashier,Pfizer,Bangalore,Billing,45748
Radiologist,Apple,Singapore,Imaging,167175
Cybersecurity Analyst,Google,London,Network Security,81199
Cashier,Tesla,Toronto,Billing,24257
Project Manager,Meta,Bangalore,Agile,110170
Web Developer,KPMG,San Francisco,JavaScript,63849
Cybersecurity Analyst,Coca Cola,Paris,Network Security,134349
Mechanic,HSBC,San Francisco,Engine Repair,60996
Marketing Manager,Tesla,New York,SEO,90424
Support Specialist,McDonald's,San Francisco,Troubleshooting,36137
Operations Manager,Disney,Berlin,Process Optimization,143866
Teacher,Pfizer,New York,Classroom Management,74762
Teacher,McDonald's,San Francisco,Classroom Management,73178
Welder,Coca Cola,Bangalore,Arc Welding,31410
Plumber,HSBC,Sydney,Pipe Fitting,66700
Support Specialist,Infosys,Delhi,Troubleshooting,32616
Accountant,Pfizer,Toronto,Bookkeeping,45086
Project Manager,KPMG,Berlin,Agile,133791
Carpenter,BMW,Berlin,Woodworking,58122
Photographer,McDonald's,Los Angeles,Photography,57147
Welder,Meta,Chicago,Arc Welding,32444
Cloud Engineer,Deloitte,Sydney,AWS,131898
Construction Worker,JPMorgan,Dubai,Masonry,34616
Web Developer,Google,Delhi,JavaScript,119673
Writer,Disney,Tokyo,Creative Writing,58290
Waiter,Wipro,Los Angeles,Hospitality,24960
Construction Worker,Coca Cola,Los Angeles,Masonry,54145
Marketing Manager,Pfizer,Sydney,SEO,124476
Pharmacist,Infosys,Toronto,Pharmacology,76681
Compliance Officer,Microsoft,Tokyo,Regulation,102473
Support Specialist,EY,Delhi,Troubleshooting,61879
Librarian,Infosys,London,Cataloguing,39364
Plumber,Sony,Paris,Pipe Fitting,58169
Software Engineer,JPMorgan,Paris,Python,146729
Compliance Officer,Wipro,Berlin,Regulation,83281
Compliance Officer,Pfizer,Paris,Regulation,108325
Cashier,BMW,San Francisco,Billing,42202
Software Engineer,Coca Cola,New York,Python,83826
Construction Worker,Disney,London,Masonry,31321
Professor,Amazon,Berlin,Research,120008
Psychologist,Apple,Toronto,Counseling,94782
Plumber,Apple,Delhi,Pipe Fitting,56309
Electrician,Amazon,Paris,Wiring,58966
Photographer,EY,Los Angeles,Photography,35443
Judge,Tesla,Los Angeles,Judicial Review,236659
Paralegal,HSBC,Tokyo,Legal Research,60990
Compliance Officer,McDonald's,Tokyo,Regulation,78910
Waiter,Disney,Delhi,Hospitality,22117
Video Editor,Infosys,San Francisco,Premiere Pro,74434
Nurse,Disney,Dubai,Patient Care,45440
Receptionist,Wipro,Singapore,Front Desk,39252
Electrician,HSBC,Los Angeles,Wiring,40442
Farmer,Apple,Bangalore,Crop Management,38857
Photographer,Sony,Los Angeles,Photography,51330
Video Editor,Apple,Tokyo,Premiere Pro,93891
Carpenter,Infosys,Toronto,Woodworking,41051
Construction Worker,Tesla,New York,Masonry,24150
Electrician,Tesla,Berlin,Wiring,66696
Welder,HSBC,Paris,Arc Welding,42315
Radiologist,Google,Berlin,Imaging,162176
Writer,KPMG,San Francisco,Creative Writing,53526
Driver,Deloitte,San Francisco,Driving,43450
Auditor,Tesla,Berlin,Compliance,74543
Financial Analyst,Disney,Berlin,Excel Modeling,58944
Accountant,Accenture,New York,Bookkeeping,91055
Photographer,KPMG,Berlin,Photography,71876
Plumber,Wipro,Dubai,Pipe Fitting,65618
Nurse,Wipro,London,Patient Care,68651
Plumber,JPMorgan,Toronto,Pipe Fitting,43968
HR Manager,JPMorgan,Dubai,Recruitment,119948
Writer,Meta,Dubai,Creative Writing,44346
Accountant,JPMorgan,London,Bookkeeping,60759
Tutor,EY,Delhi,Mentoring,30245
Investment Banker,Pfizer,Tokyo,Valuation,108584
Judge,Sony,San Francisco,Judicial Review,174201
Call Center Agent,McDonald's,London,Customer Handling,22704
Sales Manager,Amazon,Chicago,Negotiation,90616
Marketing Manager,Microsoft,Los Angeles,SEO,75248
Pharmacist,McDonald's,Singapore,Pharmacology,91086
Cashier,KPMG,New York,Billing,37026
HR Manager,McDonald's,Tokyo,Recruitment,85570
Photographer,Apple,San Francisco,Photography,39474
Plumber,Apple,Toronto,Pipe Fitting,38555
Web Developer,BMW,Paris,JavaScript,69173
Carpenter,Disney,Berlin,Woodworking,26362
Data Scientist,HSBC,Los Angeles,Machine Learning,71542
Compliance Officer,KPMG,Delhi,Regulation,62825
Paralegal,Pfizer,Singapore,Legal Research,64599
Psychologist,Tesla,London,Counseling,94146
Researcher,Google,Toronto,Data Analysis,71205
Cloud Engineer,Coca Cola,Delhi,AWS,142388
Plumber,Microsoft,Delhi,Pipe Fitting,72863
Psychologist,Disney,Singapore,Counseling,109131
Electrician,Sony,Los Angeles,Wiring,64697
Graphic Designer,Meta,San Francisco,Photoshop,53567
Psychologist,KPMG,London,Counseling,73106
Cashier,Deloitte,Sydney,Billing,24265
Plumber,Deloitte,London,Pipe Fitting,51947
Software Engineer,Sony,Bangalore,Python,125123
Tax Consultant,KPMG,Los Angeles,Tax Filing,66832
Waiter,Pfizer,Los Angeles,Hospitality,24084
Project Manager,Disney,San Francisco,Agile,97743
Marketing Manager,Deloitte,Dubai,SEO,114630
Pharmacist,Sony,New York,Pharmacology,115955
Driver,Accenture,San Francisco,Driving,59601
Investment Banker,JPMorgan,Toronto,Valuation,129629
Farmer,McDonald's,Dubai,Crop Management,27720
Video Editor,Wipro,Singapore,Premiere Pro,97293
Web Developer,Pfizer,Dubai,JavaScript,101555
Auditor,HSBC,Chicago,Compliance,89758
Tutor,BMW,Dubai,Mentoring,59234
Receptionist,Disney,Toronto,Front Desk,40418
Photographer,Coca Cola,Toronto,Photography,41215
HR Manager,Disney,New York,Recruitment,91992
Legal Advisor,Pfizer,New York,Contract Drafting,88567
Psychologist,Infosys,Singapore,Counseling,61873
Web Developer,KPMG,Berlin,JavaScript,111513
Electrician,Infosys,Dubai,Wiring,63928
Pharmacist,Deloitte,Chicago,Pharmacology,101440
Compliance Officer,Deloitte,Berlin,Regulation,92480
Carpenter,Deloitte,Bangalore,Woodworking,48373
Receptionist,BMW,Sydney,Front Desk,55139
Legal Advisor,Infosys,Tokyo,Contract Drafting,96981
Radiologist,Coca Cola,Sydney,Imaging,192341
Radiologist,Wipro,Sydney,Imaging,167332
Cybersecurity Analyst,Coca Cola,Berlin,Network Security,102840
Operations Manager,Meta,Tokyo,Process Optimization,90928
Support Specialist,Apple,Bangalore,Troubleshooting,34266
Auditor,Tesla,Dubai,Compliance,113636
Auditor,Pfizer,Paris,Compliance,91481
Librarian,Wipro,Bangalore,Cataloguing,68430
Chef,Google,Singapore,Culinary Arts,59116
Receptionist,Tesla,San Francisco,Front Desk,48987
Receptionist,McDonald's,Singapore,Front Desk,48982
Tax Consultant,Amazon,Sydney,Tax Filing,80867
Waiter,Google,Paris,Hospitality,27744
Researcher,Google,Paris,Data Analysis,119596
Tax Consultant,Amazon,London,Tax Filing,85047
Legal Advisor,Sony,Los Angeles,Contract Drafting,106454
Operations Manager,EY,Bangalore,Process Optimization,85977
Pharmacist,Coca Cola,Toronto,Pharmacology,85801
Judge,Tesla,Chicago,Judicial Review,180527
Project Manager,Microsoft,Toronto,Agile,101483
Paralegal,Tesla,Sydney,Legal Research,47230
Waiter,BMW,Toronto,Hospitality,23699
Auditor,Apple,San Francisco,Compliance,59586
Paralegal,KPMG,Berlin,Legal Research,60730
Cashier,Deloitte,Paris,Billing,32126
Accountant,Infosys,Dubai,Bookkeeping,80754
Financial Analyst,Meta,Singapore,Excel Modeling,94101
Librarian,Coca Cola,Tokyo,Cataloguing,39524
Sales Manager,Accenture,London,Negotiation,96974
Teacher,KPMG,Dubai,Classroom Management,57817
Chef,Disney,Paris,Culinary Arts,49931
Librarian,BMW,Delhi,Cataloguing,34368
Operations Manager,BMW,Bangalore,Process Optimization,119123
Sales Manager,BMW,Bangalore,Negotiation,129288
Writer,Sony,Berlin,Creative Writing,60748
Support Specialist,HSBC,Los Angeles,Troubleshooting,44839
Pharmacist,Accenture,New York,Pharmacology,115225
Tutor,EY,Delhi,Mentoring,53696
Cybersecurity Analyst,HSBC,Sydney,Network Security,136419
Researcher,Disney,New York,Data Analysis,96610
Driver,Tesla,Delhi,Driving,25040
Animator,McDonald's,Paris,3D Animation,105985
Data Scientist,Deloitte,Paris,Machine Learning,107458
Cybersecurity Analyst,Tesla,Chicago,Network Security,89627
Investment Banker,Tesla,Singapore,Valuation,120889
Tax Consultant,Coca Cola,Los Angeles,Tax Filing,41627
Software Engineer,JPMorgan,Chicago,Python,125686
Project Manager,Infosys,Toronto,Agile,81744
Video Editor,Google,Delhi,Premiere Pro,94336
Teacher,Coca Cola,Paris,Classroom Management,38808
Cybersecurity Analyst,Amazon,San Francisco,Network Security,107887
Graphic Designer,HSBC,Bangalore,Photoshop,66411
Doctor,EY,Los Angeles,Surgery,150381
Mechanic,Sony,London,Engine Repair,41239
Construction Worker,HSBC,Chicago,Masonry,24990
Teacher,Coca Cola,San Francisco,Classroom Management,54293
Psychologist,HSBC,New York,Counseling,77719
Auditor,Disney,Delhi,Compliance,91170
Construction Worker,Accenture,Dubai,Masonry,27687
Cashier,McDonald's,Dubai,Billing,37308
Compliance Officer,Infosys,London,Regulation,102627
Electrician,Infosys,Los Angeles,Wiring,41793
Farmer,Sony,Dubai,Crop Management,31617
Carpenter,Deloitte,Delhi,Woodworking,26666
Web Developer,Pfizer,Delhi,JavaScript,116686
Professor,Sony,San Francisco,Research,78444
Plumber,Coca Cola,San Francisco,Pipe Fitting,49620
Data Scientist,Amazon,San Francisco,Machine Learning,107548
Legal Advisor,Amazon,Paris,Contract Drafting,119520
Pilot,Amazon,Chicago,Navigation,143824
Tax Consultant,Meta,Toronto,Tax Filing,56154
Tax Consultant,Disney,Singapore,Tax Filing,45487
Radiologist,McDonald's,Los Angeles,Imaging,168413
Nurse,KPMG,Sydney,Patient Care,58166
Tax Consultant,Infosys,Singapore,Tax Filing,62250
Graphic Designer,Infosys,Dubai,Photoshop,53209
Plumber,EY,San Francisco,Pipe Fitting,55397
Writer,BMW,Tokyo,Creative Writing,64080
Psychologist,BMW,Chicago,Counseling,84353
Auditor,HSBC,Berlin,Compliance,97854
Pilot,Google,London,Navigation,162057
Graphic Designer,BMW,Tokyo,Photoshop,57766
Graphic Designer,Coca Cola,New York,Photoshop,78732
Pilot,Wipro,Berlin,Navigation,220006
Graphic Designer,Tesla,New York,Photoshop,46963
Compliance Officer,Apple,London,Regulation,113344
Writer,Coca Cola,London,Creative Writing,45081
Photographer,KPMG,Delhi,Photography,83137
Judge,EY,Berlin,Judicial Review,172433
Writer,Accenture,London,Creative Writing,51916
Pharmacist,HSBC,Dubai,Pharmacology,57573
Financial Analyst,Microsoft,Tokyo,Excel Modeling,82287
Plumber,McDonald's,Paris,Pipe Fitting,63259
Paralegal,Infosys,Los Angeles,Legal Research,59076
Operations Manager,Tesla,Singapore,Process Optimization,105543
Mechanic,Apple,Sydney,Engine Repair,55159
Support Specialist,Tesla,Paris,Troubleshooting,38794
Software Engineer,KPMG,Sydney,Python,69382
Doctor,Sony,Toronto,Surgery,215358
Legal Advisor,Pfizer,Tokyo,Contract Drafting,75036
Investment Banker,Pfizer,Los Angeles,Valuation,101170
Legal Advisor,EY,New York,Contract Drafting,116878
Compliance Officer,Tesla,Dubai,Regulation,66300
Pharmacist,Sony,Sydney,Pharmacology,59260
HR Manager,Wipro,London,Recruitment,100563
Receptionist,Google,Bangalore,Front Desk,53125
Project Manager,HSBC,San Francisco,Agile,103698
HR Manager,McDonald's,Dubai,Recruitment,61581
Compliance Officer,McDonald's,San Francisco,Regulation,67095
Project Manager,Tesla,Chicago,Agile,124488
Operations Manager,KPMG,Toronto,Process Optimization,100653
Compliance Officer,Disney,Paris,Regulation,109526
Teacher,McDonald's,Bangalore,Classroom Management,48113
Tutor,Tesla,Tokyo,Mentoring,57080
Researcher,Wipro,London,Data Analysis,53896
Financial Analyst,Coca Cola,Toronto,Excel Modeling,67829
Paralegal,Sony,Delhi,Legal Research,43046
Cloud Engineer,Google,Sydney,AWS,96956
Photographer,Google,Dubai,Photography,76703
Photographer,Accenture,San Francisco,Photography,77358
Doctor,Accenture,Dubai,Surgery,249063
Farmer,Coca Cola,Sydney,Crop Management,29611
Auditor,Accenture,London,Compliance,50119
Paralegal,Deloitte,Sydney,Legal Research,58575
Compliance Officer,Accenture,Chicago,Regulation,113332
Chef,Infosys,Sydney,Culinary Arts,81108
Professor,EY,Singapore,Research,113545
Video Editor,Apple,Chicago,Premiere Pro,91825
Tax Consultant,KPMG,Toronto,Tax Filing,73064
Tutor,Pfizer,Los Angeles,Mentoring,30737
Driver,Google,San Francisco,Driving,56744
Cybersecurity Analyst,Accenture,Toronto,Network Security,113087
Librarian,Accenture,Delhi,Cataloguing,60282
Judge,McDonald's,San Francisco,Judicial Review,199847
Electrician,Meta,Los Angeles,Wiring,63338
Mechanic,Disney,Paris,Engine Repair,30994
Librarian,Disney,Berlin,Cataloguing,67461
Call Center Agent,Disney,Chicago,Customer Handling,26567
Professor,Infosys,New York,Research,124418
Writer,JPMorgan,Tokyo,Creative Writing,54252
Operations Manager,McDonald's,Sydney,Process Optimization,86368
Researcher,Tesla,Singapore,Data Analysis,57799
Project Manager,McDonald's,San Francisco,Agile,131855
Chef,Microsoft,Paris,Culinary Arts,75925
Financial Analyst,Google,Delhi,Excel Modeling,100713
Support Specialist,Accenture,Singapore,Troubleshooting,37642
Auditor,Sony,Singapore,Compliance,100303
Judge,Apple,Bangalore,Judicial Review,192031
Tutor,Disney,Bangalore,Mentoring,22809
Legal Advisor,Accenture,Berlin,Contract Drafting,79077
Farmer,Disney,New York,Crop Management,18183
Pharmacist,Infosys,London,Pharmacology,61707
Writer,JPMorgan,Singapore,Creative Writing,58560
Professor,HSBC,Dubai,Research,74029
Teacher,Apple,Sydney,Classroom Management,69872
Chef,Disney,Toronto,Culinary Arts,57063
Call Center Agent,Disney,Chicago,Customer Handling,31814
Nurse,BMW,London,Patient Care,87808
Animator,Deloitte,Paris,3D Animation,64264
Electrician,Deloitte,Los Angeles,Wiring,32107
Software Engineer,Meta,Singapore,Python,81487
Electrician,Apple,New York,Wiring,35503
Operations Manager,JPMorgan,Dubai,Process Optimization,119725
Tutor,HSBC,San Francisco,Mentoring,58207
Video Editor,Meta,Berlin,Premiere Pro,98692
Researcher,Wipro,Los Angeles,Data Analysis,85263
Librarian,Pfizer,Chicago,Cataloguing,30714
Paralegal,Coca Cola,London,Legal Research,68696
Cashier,Disney,Tokyo,Billing,38482
Writer,Accenture,Los Angeles,Creative Writing,51045
Pharmacist,Pfizer,New York,Pharmacology,59251
Professor,HSBC,Delhi,Research,119162
Project Manager,Disney,London,Agile,85498
Professor,Accenture,New York,Research,147913
Investment Banker,Microsoft,San Francisco,Valuation,181174
Receptionist,Wipro,Delhi,Front Desk,52925
Cashier,KPMG,London,Billing,32839
Psychologist,Apple,Paris,Counseling,94817
Lawyer,JPMorgan,Paris,Litigation,131561
Nurse,Amazon,Delhi,Patient Care,78215
Project Manager,Apple,Singapore,Agile,111210
Teacher,Deloitte,Sydney,Classroom Management,34985
Tutor,Infosys,New York,Mentoring,53333
Doctor,Deloitte,Dubai,Surgery,153128
Librarian,JPMorgan,Berlin,Cataloguing,35331
Cashier,HSBC,New York,Billing,24871
Data Scientist,KPMG,Tokyo,Machine Learning,74170
Researcher,Amazon,Tokyo,Data Analysis,95667
Call Center Agent,Pfizer,Los Angeles,Customer Handling,36373
Radiologist,BMW,Berlin,Imaging,189024
Waiter,Disney,Singapore,Hospitality,31089
Legal Advisor,Apple,San Francisco,Contract Drafting,139101
Tutor,Sony,Toronto,Mentoring,24147
Legal Advisor,Amazon,London,Contract Drafting,114400
Mechanic,Meta,Los Angeles,Engine Repair,48217
Accountant,Meta,New York,Bookkeeping,83949
Pharmacist,JPMorgan,San Francisco,Pharmacology,77082
Sales Manager,Pfizer,Los Angeles,Negotiation,106160
Mechanic,BMW,Tokyo,Engine Repair,44292
Photographer,Meta,Chicago,Photography,66875
Cashier,Coca Cola,Bangalore,Billing,26931
Mechanic,Deloitte,Berlin,Engine Repair,68139
Video Editor,BMW,Los Angeles,Premiere Pro,46624
Radiologist,BMW,Los Angeles,Imaging,175698
Electrician,Pfizer,Tokyo,Wiring,55471
Legal Advisor,Google,Bangalore,Contract Drafting,80190
Electrician,Meta,Los Angeles,Wiring,48915
Researcher,Pfizer,Singapore,Data Analysis,94341
Call Center Agent,KPMG,Chicago,Customer Handling,36352
Radiologist,Infosys,Paris,Imaging,194266
Construction Worker,Sony,London,Masonry,41349
Web Developer,Apple,New York,JavaScript,73658
Researcher,EY,Dubai,Data Analysis,72679
Tutor,Meta,New York,Mentoring,50321
Electrician,Meta,Toronto,Wiring,40423
Construction Worker,Sony,London,Masonry,34983
Lawyer,Deloitte,Tokyo,Litigation,156563
Librarian,Apple,Paris,Cataloguing,43871
Paralegal,KPMG,Toronto,Legal Research,32350
Electrician,Apple,New York,Wiring,66825
Compliance Officer,BMW,New York,Regulation,94877
Plumber,Deloitte,Bangalore,Pipe Fitting,34603
Driver,Pfizer,Sydney,Driving,53151
Pharmacist,Accenture,Los Angeles,Pharmacology,98932
Legal Advisor,Amazon,Singapore,Contract Drafting,83711
Accountant,Pfizer,Sydney,Bookkeeping,84738
Welder,Accenture,Chicago,Arc Welding,56866
Welder,Deloitte,Chicago,Arc Welding,40240
Researcher,Coca Cola,Chicago,Data Analysis,117705
Cybersecurity Analyst,BMW,New York,Network Security,73773
Project Manager,EY,Dubai,Agile,77243
Cloud Engineer,Deloitte,Chicago,AWS,87255
Nurse,KPMG,Paris,Patient Care,79255
Receptionist,KPMG,Bangalore,Front Desk,45747
Legal Advisor,KPMG,San Francisco,Contract Drafting,144277
Legal Advisor,Deloitte,Singapore,Contract Drafting,135340
Plumber,KPMG,Chicago,Pipe Fitting,58446
Project Manager,Wipro,London,Agile,81368
Waiter,Deloitte,Toronto,Hospitality,27109
Marketing Manager,Coca Cola,London,SEO,74885
Accountant,JPMorgan,Sydney,Bookkeeping,56343
Researcher,Wipro,New York,Data Analysis,69262
Pharmacist,HSBC,Dubai,Pharmacology,51076
Cashier,Pfizer,Dubai,Billing,38738
Carpenter,Apple,Chicago,Woodworking,66479
Teacher,JPMorgan,Singapore,Classroom Management,62780
Professor,BMW,New York,Research,60658
Photographer,Meta,Delhi,Photography,62316
Teacher,Apple,Chicago,Classroom Management,31070
Operations Manager,Tesla,Sydney,Process Optimization,117222
Cybersecurity Analyst,Pfizer,Dubai,Network Security,72464
Investment Banker,EY,San Francisco,Valuation,190764
Teacher,Sony,Dubai,Classroom Management,72375
Legal Advisor,JPMorgan,Bangalore,Contract Drafting,137755
Legal Advisor,Accenture,Chicago,Contract Drafting,130924
Librarian,KPMG,Los Angeles,Cataloguing,39297
Farmer,KPMG,New York,Crop Management,47764
Lawyer,HSBC,San Francisco,Litigation,172370
Paralegal,HSBC,Dubai,Legal Research,48579
Graphic Designer,Accenture,Berlin,Photoshop,63241
Librarian,KPMG,Delhi,Cataloguing,69735
Tutor,EY,Paris,Mentoring,32227
Video Editor,Pfizer,London,Premiere Pro,83680
Lawyer,BMW,San Francisco,Litigation,118997
Cloud Engineer,JPMorgan,Dubai,AWS,135119
Electrician,EY,Tokyo,Wiring,50675
Professor,BMW,San Francisco,Research,130132
Mechanic,KPMG,Tokyo,Engine Repair,41942
Carpenter,EY,Tokyo,Woodworking,65181
Psychologist,Disney,Tokyo,Counseling,96260
Cybersecurity Analyst,Meta,Paris,Network Security,130531
Marketing Manager,Infosys,New York,SEO,77707
Project Manager,Sony,New York,Agile,102771
Teacher,Coca Cola,Singapore,Classroom Management,72186
Graphic Designer,Apple,Delhi,Photoshop,45731
Plumber,McDonald's,Toronto,Pipe Fitting,53981
Animator,JPMorgan,London,3D Animation,83284
Marketing Manager,Apple,Tokyo,SEO,99075
Construction Worker,BMW,Toronto,Masonry,56082
Legal Advisor,Infosys,Singapore,Contract Drafting,73756
Judge,Pfizer,San Francisco,Judicial Review,184447
Support Specialist,Disney,San Francisco,Troubleshooting,66125
Tax Consultant,Sony,Toronto,Tax Filing,70726
Support Specialist,Sony,Los Angeles,Troubleshooting,64308
Operations Manager,KPMG,Tokyo,Process Optimization,122967
Plumber,Pfizer,Bangalore,Pipe Fitting,67945
Welder,McDonald's,Delhi,Arc Welding,59967
Software Engineer,Meta,Dubai,Python,95662
Web Developer,Deloitte,Chicago,JavaScript,81436
Carpenter,HSBC,Singapore,Woodworking,55712
Pharmacist,Wipro,Dubai,Pharmacology,100149
Writer,Infosys,New York,Creative Writing,61752
Tutor,McDonald's,Singapore,Mentoring,49614
Support Specialist,Sony,Paris,Troubleshooting,42252
Compliance Officer,McDonald's,New York,Regulation,113226
Farmer,Disney,Chicago,Crop Management,18738
Judge,Microsoft,Los Angeles,Judicial Review,221929
Welder,Wipro,Sydney,Arc Welding,26552
Electrician,Meta,Dubai,Wiring,64883
Auditor,Amazon,Chicago,Compliance,104404
Support Specialist,Coca Cola,Sydney,Troubleshooting,54032
Cybersecurity Analyst,Deloitte,Dubai,Network Security,80724
Welder,Sony,Chicago,Arc Welding,44341
Tutor,Deloitte,Dubai,Mentoring,36351
Accountant,BMW,Berlin,Bookkeeping,66946
Pilot,JPMorgan,New York,Navigation,139787
Mechanic,Apple,Delhi,Engine Repair,59243
Animator,Infosys,San Francisco,3D Animation,107397
Nurse,Accenture,San Francisco,Patient Care,67923
Web Developer,Meta,London,JavaScript,80976
Pharmacist,Sony,New York,Pharmacology,109050
Cashier,JPMorgan,Dubai,Billing,36912
Waiter,KPMG,Singapore,Hospitality,26285
Support Specialist,Disney,Chicago,Troubleshooting,52107
Marketing Manager,Wipro,Chicago,SEO,60062
Cashier,Wipro,Chicago,Billing,43838
Cashier,Google,Berlin,Billing,48665
HR Manager,Apple,Toronto,Recruitment,64960
Cashier,Pfizer,Berlin,Billing,25643
Call Center Agent,Infosys,Bangalore,Customer Handling,41602
Psychologist,Wipro,Paris,Counseling,79569
Electrician,Accenture,Bangalore,Wiring,43228
Paralegal,Amazon,New York,Legal Research,60641
Judge,Meta,Toronto,Judicial Review,176775
Compliance Officer,JPMorgan,Dubai,Regulation,106043
Doctor,Coca Cola,San Francisco,Surgery,147234
Video Editor,Pfizer,Sydney,Premiere Pro,84872
Call Center Agent,KPMG,Sydney,Customer Handling,49261
Psychologist,Sony,London,Counseling,80677
Writer,Deloitte,Tokyo,Creative Writing,67746
Pilot,BMW,Toronto,Navigation,152876
Investment Banker,KPMG,Chicago,Valuation,161244
Construction Worker,BMW,Toronto,Masonry,29506
Writer,Accenture,Berlin,Creative Writing,64245
Doctor,Wipro,Delhi,Surgery,162145
Photographer,Disney,Delhi,Photography,52621
Mechanic,Accenture,Bangalore,Engine Repair,34992
Driver,Amazon,New York,Driving,52721
Cybersecurity Analyst,Deloitte,Sydney,Network Security,99521
Writer,Microsoft,New York,Creative Writing,62469
Doctor,Pfizer,Paris,Surgery,285906
Cybersecurity Analyst,HSBC,San Francisco,Network Security,90269
Cashier,Google,San Francisco,Billing,47937
Mechanic,KPMG,Paris,Engine Repair,48161
Electrician,Infosys,Paris,Wiring,76976
Cybersecurity Analyst,Google,Sydney,Network Security,93526
Librarian,Infosys,London,Cataloguing,42176
Electrician,Apple,Dubai,Wiring,71156
Welder,Tesla,Berlin,Arc Welding,25938
Cloud Engineer,Deloitte,Delhi,AWS,166096
Pilot,Wipro,Tokyo,Navigation,197618
Graphic Designer,Infosys,Paris,Photoshop,80410
Marketing Manager,Sony,Tokyo,SEO,86782
Financial Analyst,Microsoft,San Francisco,Excel Modeling,98019
Teacher,Meta,Singapore,Classroom Management,76080
Sales Manager,Microsoft,Paris,Negotiation,73748
Investment Banker,Meta,Tokyo,Valuation,100962
Compliance Officer,Accenture,Berlin,Regulation,95124
Compliance Officer,Pfizer,Dubai,Regulation,60755
Writer,Infosys,New York,Creative Writing,75877
Psychologist,Microsoft,Delhi,Counseling,109284
Chef,Microsoft,Berlin,Culinary Arts,71996
Farmer,Deloitte,Berlin,Crop Management,15704
Writer,Sony,Chicago,Creative Writing,55530
Cloud Engineer,Apple,Paris,AWS,156331
Pilot,Accenture,Delhi,Navigation,229234
Web Developer,Deloitte,Dubai,JavaScript,82453
Electrician,McDonald's,New York,Wiring,54751
Radiologist,HSBC,Paris,Imaging,146847
Welder,HSBC,Dubai,Arc Welding,58099
Auditor,Meta,Delhi,Compliance,96828
Judge,BMW,Singapore,Judicial Review,246158
Driver,Coca Cola,Chicago,Driving,54018
Radiologist,Disney,Toronto,Imaging,159097
Driver,Apple,Paris,Driving,27615
Plumber,HSBC,Berlin,Pipe Fitting,47464
Electrician,Tesla,Tokyo,Wiring,47017
Driver,Amazon,Tokyo,Driving,20300
Video Editor,Meta,Singapore,Premiere Pro,58240
Psychologist,KPMG,Chicago,Counseling,95085
Researcher,HSBC,San Francisco,Data Analysis,83493
Photographer,Tesla,Delhi,Photography,33283
Carpenter,Sony,London,Woodworking,49477
Researcher,Apple,New York,Data Analysis,92929
Driver,Pfizer,Toronto,Driving,26789
Data Scientist,Disney,Sydney,Machine Learning,77116
Welder,HSBC,Berlin,Arc Welding,27738
Carpenter,Microsoft,Bangalore,Woodworking,60252
Driver,Sony,Dubai,Driving,30538
Auditor,Coca Cola,Tokyo,Compliance,55506
Electrician,Pfizer,Los Angeles,Wiring,62211
Receptionist,Accenture,Dubai,Front Desk,42569
Call Center Agent,Amazon,Delhi,Customer Handling,46683
Photographer,JPMorgan,Delhi,Photography,41571
Operations Manager,Disney,Singapore,Process Optimization,86807
Welder,Sony,London,Arc Welding,63983
Mechanic,Apple,Berlin,Engine Repair,62844
Graphic Designer,Coca Cola,London,Photoshop,72141
Welder,Tesla,San Francisco,Arc Welding,67821
HR Manager,Accenture,London,Recruitment,92236
Sales Manager,EY,Singapore,Negotiation,70717
Photographer,KPMG,Sydney,Photography,41195
Animator,Amazon,Dubai,3D Animation,92438
Video Editor,Coca Cola,London,Premiere Pro,89944
Animator,Tesla,Chicago,3D Animation,54840
Support Specialist,HSBC,Berlin,Troubleshooting,69073
Compliance Officer,Infosys,Delhi,Regulation,119190
Librarian,McDonald's,Bangalore,Cataloguing,37541
Support Specialist,Tesla,London,Troubleshooting,35539
Judge,KPMG,Delhi,Judicial Review,203042
Professor,Pfizer,Tokyo,Research,112375
Mechanic,Infosys,Sydney,Engine Repair,56834
Teacher,Wipro,Delhi,Classroom Management,31392
Psychologist,JPMorgan,Delhi,Counseling,105337
Photographer,EY,San Francisco,Photography,56340
Operations Manager,Infosys,Paris,Process Optimization,148160
Data Scientist,Coca Cola,Chicago,Machine Learning,111388
Receptionist,EY,Berlin,Front Desk,43567
Plumber,McDonald's,London,Pipe Fitting,55004
Call Center Agent,Pfizer,London,Customer Handling,42494
Animator,Amazon,Dubai,3D Animation,85402
Professor,BMW,Paris,Research,115816
Plumber,McDonald's,San Francisco,Pipe Fitting,73416
Tutor,Meta,Delhi,Mentoring,21362
Teacher,KPMG,New York,Classroom Management,41004
Investment Banker,Accenture,Tokyo,Valuation,144014
Cashier,Infosys,Chicago,Billing,28300
Welder,Microsoft,Tokyo,Arc Welding,36644
Software Engineer,Wipro,Paris,Python,94539
Tax Consultant,EY,London,Tax Filing,79896
Cashier,BMW,London,Billing,42953
Judge,Sony,New York,Judicial Review,158156
Doctor,Microsoft,Dubai,Surgery,100107
Accountant,Disney,Paris,Bookkeeping,41545
Video Editor,HSBC,San Francisco,Premiere Pro,94988
Psychologist,HSBC,Dubai,Counseling,79616
Software Engineer,EY,Sydney,Python,90964
Receptionist,HSBC,Delhi,Front Desk,59984
Paralegal,KPMG,Delhi,Legal Research,53985
Carpenter,JPMorgan,Dubai,Woodworking,25701
Photographer,Coca Cola,Sydney,Photography,38198
Pilot,JPMorgan,Delhi,Navigation,187572
Chef,Pfizer,Dubai,Culinary Arts,88393
Video Editor,BMW,Paris,Premiere Pro,86659
Judge,Accenture,Los Angeles,Judicial Review,182329
Call Center Agent,Coca Cola,Los Angeles,Customer Handling,36669
Accountant,Pfizer,Sydney,Bookkeeping,59538
Receptionist,McDonald's,Toronto,Front Desk,49809
Compliance Officer,HSBC,Chicago,Regulation,86695
Investment Banker,EY,Sydney,Valuation,165123
Legal Advisor,Disney,Los Angeles,Contract Drafting,106551
Animator,Sony,Sydney,3D Animation,74918
Electrician,Google,Toronto,Wiring,52556
